sound	rohdatei	quelle	lizenz	lizenz_url
shutter2	shutter_slr_trigger_01.wav	https://bigsoundbank.com/trigger-of-camera-1-s2394.html	CC0 1.0 / WTFPL (BigSoundBank 'Free and Royalty Free', CC0-like)	https://bigsoundbank.com/licenses.html
shutter3	shutter_old_film_01.wav	https://www.remotion.dev/docs/sfx/shutter-old	CC0 1.0 Universal	https://creativecommons.org/publicdomain/zero/1.0/
shutterSlr2	shutter_slr_trigger_02.wav	https://bigsoundbank.com/trigger-of-camera-2-s2395.html	CC0 1.0 / WTFPL (BigSoundBank 'Free and Royalty Free', CC0-like)	https://bigsoundbank.com/licenses.html
shutterSlr3	shutter_slr_trigger_03.wav	https://bigsoundbank.com/trigger-of-camera-3-s2544.html	CC0 1.0 / WTFPL (BigSoundBank 'Free and Royalty Free', CC0-like)	https://bigsoundbank.com/licenses.html
shutterInsta1	shutter_instamatic_01.wav	https://bigsoundbank.com/instamatic-triggering-1-s2821.html	CC0 1.0 / WTFPL (BigSoundBank 'Free and Royalty Free', CC0-like)	https://bigsoundbank.com/licenses.html
shutterInsta2	shutter_instamatic_02.wav	https://bigsoundbank.com/instamatic-triggering-2-s2822.html	CC0 1.0 / WTFPL (BigSoundBank 'Free and Royalty Free', CC0-like)	https://bigsoundbank.com/licenses.html
shutterOld	shutter_old_camera_01.wav	https://bigsoundbank.com/old-camera-trigger-s3022.html	CC0 1.0 / WTFPL (BigSoundBank 'Free and Royalty Free', CC0-like)	https://bigsoundbank.com/licenses.html
shutterDslr	shutter_dslr_fast_01.wav	https://www.remotion.dev/docs/sfx/shutter-modern	CC0 1.0 Universal	https://creativecommons.org/publicdomain/zero/1.0/
shutterBurst2	shutter_slr_burst_02.wav	https://bigsoundbank.com/slr-camera-in-burst-mode-2-s2391.html	CC0 1.0 / WTFPL (BigSoundBank 'Free and Royalty Free', CC0-like)	https://bigsoundbank.com/licenses.html
shutterBurst3	shutter_slr_burst_03.wav	https://bigsoundbank.com/slr-camera-in-burst-mode-3-s2392.html	CC0 1.0 / WTFPL (BigSoundBank 'Free and Royalty Free', CC0-like)	https://bigsoundbank.com/licenses.html
shutterBurst4	shutter_slr_burst_04.wav	https://bigsoundbank.com/slr-camera-in-burst-mode-4-s2393.html	CC0 1.0 / WTFPL (BigSoundBank 'Free and Royalty Free', CC0-like)	https://bigsoundbank.com/licenses.html
winder1	film_advance_instamatic_winder_01.wav	https://bigsoundbank.com/instamatic-winder-1-s2817.html	CC0 1.0 / WTFPL (BigSoundBank 'Free and Royalty Free', CC0-like)	https://bigsoundbank.com/licenses.html
winder2	film_advance_instamatic_winder_02.wav	https://bigsoundbank.com/instamatic-winder-2-s2818.html	CC0 1.0 / WTFPL (BigSoundBank 'Free and Royalty Free', CC0-like)	https://bigsoundbank.com/licenses.html
mouse1	click_mouse_01.wav	https://www.remotion.dev/docs/sfx/mouse-click	CC0 1.0 Universal	https://creativecommons.org/publicdomain/zero/1.0/
mouse2	click_mouse_apple_magic_01.wav	https://bigsoundbank.com/apple-magic-mouse-single-click-s1742.html	CC0 1.0 / WTFPL (BigSoundBank 'Free and Royalty Free', CC0-like)	https://bigsoundbank.com/licenses.html
mouse3	click_mouse_raspberry_01.wav	https://bigsoundbank.com/raspberry-mouse-single-click-s1735.html	CC0 1.0 / WTFPL (BigSoundBank 'Free and Royalty Free', CC0-like)	https://bigsoundbank.com/licenses.html
mouse4	click_mouse_kenney_01.wav	https://kenney.nl/assets/ui-audio	CC0 1.0 Universal	https://creativecommons.org/publicdomain/zero/1.0/
trackpad1	click_trackpad_macbookpro_01.wav	https://bigsoundbank.com/macbook-pro-trackpad-single-click-s1738.html	CC0 1.0 / WTFPL (BigSoundBank 'Free and Royalty Free', CC0-like)	https://bigsoundbank.com/licenses.html
trackpad2	click_trackpad_macbook_02.wav	https://bigsoundbank.com/macbook-trackpad-simple-click-s1740.html	CC0 1.0 / WTFPL (BigSoundBank 'Free and Royalty Free', CC0-like)	https://bigsoundbank.com/licenses.html
switch	click_switch_mic_01.wav	https://bigsoundbank.com/microphone-switch-1-s2026.html	CC0 1.0 / WTFPL (BigSoundBank 'Free and Royalty Free', CC0-like)	https://bigsoundbank.com/licenses.html
switch2	click_ui_switch_01.wav	https://www.remotion.dev/docs/sfx/ui-switch	CC0 1.0 Universal	https://creativecommons.org/publicdomain/zero/1.0/
switch3	click_switch_05.wav	https://bigsoundbank.com/switch-5-s0321.html	CC0 1.0 / WTFPL (BigSoundBank 'Free and Royalty Free', CC0-like)	https://bigsoundbank.com/licenses.html
flap	flap_single_board_02.wav	https://freesound.org/people/ngruber/sounds/261244/	CC0 1.0 Universal	https://creativecommons.org/publicdomain/zero/1.0/
flapBurst3	flap_burst3_board_01.wav	https://freesound.org/people/ngruber/sounds/261244/	CC0 1.0 Universal	https://creativecommons.org/publicdomain/zero/1.0/
flapBurst5	flap_burst5_board_01.wav	https://freesound.org/people/ngruber/sounds/261244/	CC0 1.0 Universal	https://creativecommons.org/publicdomain/zero/1.0/
flapBurst8	flap_burst8_board_01.wav	https://freesound.org/people/ngruber/sounds/261244/	CC0 1.0 Universal	https://creativecommons.org/publicdomain/zero/1.0/
flapEnd1	flap_end_board_01.wav	https://freesound.org/people/ngruber/sounds/261244/	CC0 1.0 Universal	https://creativecommons.org/publicdomain/zero/1.0/
flapEnd2	flap_end_board_02.wav	https://freesound.org/people/ngruber/sounds/261244/	CC0 1.0 Universal	https://creativecommons.org/publicdomain/zero/1.0/
flapRun	flap_run_timetable_01.wav	https://freesound.org/people/dominik.sigrist/sounds/541396/	CC0 1.0 Universal	https://creativecommons.org/publicdomain/zero/1.0/
page1	paper_page_turn_01.wav	https://bigsoundbank.com/turned-page-s0164.html	CC0 1.0 / WTFPL (BigSoundBank 'Free and Royalty Free', CC0-like)	https://bigsoundbank.com/licenses.html
page2	paper_page_turn_05.wav	https://bigsoundbank.com/pages-that-turn-5-s2212.html	CC0 1.0 / WTFPL (BigSoundBank 'Free and Royalty Free', CC0-like)	https://bigsoundbank.com/licenses.html
page3	paper_page_turn_06.wav	https://bigsoundbank.com/pages-that-turn-6-s2213.html	CC0 1.0 / WTFPL (BigSoundBank 'Free and Royalty Free', CC0-like)	https://bigsoundbank.com/licenses.html
tear	paper_tear_04.wav	https://bigsoundbank.com/torn-paper-4-s3241.html	CC0 1.0 / WTFPL (BigSoundBank 'Free and Royalty Free', CC0-like)	https://bigsoundbank.com/licenses.html
swish	whoosh_knife_swish_kenney_01.wav	https://www.remotion.dev/docs/sfx/page-turn	CC0 1.0 Universal	https://creativecommons.org/publicdomain/zero/1.0/
whooshShort	whoosh_short_01.wav	https://www.remotion.dev/docs/sfx/whoosh	CC0 1.0 Universal	https://creativecommons.org/publicdomain/zero/1.0/
riser1	riser_reverse_cymbal_short_02.wav	https://freesound.org/people/Lynx_5969/sounds/418724/	CC0 1.0 Universal	https://creativecommons.org/publicdomain/zero/1.0/
tom1	impact_bass_tom_01.wav	https://bigsoundbank.com/bass-tom-1-s2338.html	CC0 1.0 / WTFPL (BigSoundBank 'Free and Royalty Free', CC0-like)	https://bigsoundbank.com/licenses.html
riffle1	flutter_card_riffle_01.wav	https://freesound.org/people/Breviceps/sounds/447918/	CC0 1.0 Universal	https://creativecommons.org/publicdomain/zero/1.0/
key1	type_key_macbook_01.wav	https://bigsoundbank.com/slow-macbook-keyboard-1-s1726.html	CC0 1.0 / WTFPL (BigSoundBank 'Free and Royalty Free', CC0-like)	https://bigsoundbank.com/licenses.html
key2	type_key_macbookpro_01.wav	https://bigsoundbank.com/slow-macbook-pro-keyboard-1-s1728.html	CC0 1.0 / WTFPL (BigSoundBank 'Free and Royalty Free', CC0-like)	https://bigsoundbank.com/licenses.html
key3	type_key_imac_01.wav	https://bigsoundbank.com/slow-imac-keyboard-s1730.html	CC0 1.0 / WTFPL (BigSoundBank 'Free and Royalty Free', CC0-like)	https://bigsoundbank.com/licenses.html
pencil1	pen_pencil_stroke_01.wav	https://bigsoundbank.com/pencil-2-s3233.html	CC0 1.0 / WTFPL (BigSoundBank 'Free and Royalty Free', CC0-like)	https://bigsoundbank.com/licenses.html
pencil2	pen_pencil_stroke_02.wav	https://bigsoundbank.com/pencil-2-s3233.html	CC0 1.0 / WTFPL (BigSoundBank 'Free and Royalty Free', CC0-like)	https://bigsoundbank.com/licenses.html
cardPlace1	card_place_table_01.wav	https://freesound.org/people/filmfan87/sounds/108395/	CC0 1.0 Universal	https://creativecommons.org/publicdomain/zero/1.0/
clink1	sparkle_glass_clink_02.wav	https://bigsoundbank.com/cheers-small-wineglass-1-s1325.html	CC0 1.0 / WTFPL (BigSoundBank 'Free and Royalty Free', CC0-like)	https://bigsoundbank.com/licenses.html
swishSmall	whoosh_swish_small_01.wav	https://freesound.org/people/ihitokage/sounds/395368/	CC0 1.0 Universal	https://creativecommons.org/publicdomain/zero/1.0/
typeBurst1	type_burst_macbook_01.wav	https://bigsoundbank.com/slow-macbook-keyboard-1-s1726.html	CC0 1.0 / WTFPL (BigSoundBank 'Free and Royalty Free', CC0-like)	https://bigsoundbank.com/licenses.html
coinCup1	sparkle_coin_cup_01.wav	https://bigsoundbank.com/coin-in-cup-1-s0339.html	CC0 1.0 / WTFPL (BigSoundBank 'Free and Royalty Free', CC0-like)	https://bigsoundbank.com/licenses.html
pen1–pen3	click_pen_longtake_01.wav	https://bigsoundbank.com/pen-click-s0613.html	CC0 1.0 / WTFPL (BigSoundBank 'Free and Royalty Free', CC0-like)	https://bigsoundbank.com/licenses.html
flapLo	wie flap, 0,94× Tonhöhe		wie flap	
flapHi	wie flap, 1,06× Tonhöhe		wie flap	
