file	source_page_url	licence_name	licence_url	duration_s	sample_rate_hz	channels	peak_db	mean_db	note
shutter_slr_trigger_01.wav	https://bigsoundbank.com/trigger-of-camera-1-s2394.html	CC0 1.0 / WTFPL (BigSoundBank 'Free and Royalty Free', CC0-like)	https://bigsoundbank.com/licenses.html	0.369	48000	1	-0.0	-21.7	original WAV from site download form
shutter_slr_trigger_02.wav	https://bigsoundbank.com/trigger-of-camera-2-s2395.html	CC0 1.0 / WTFPL (BigSoundBank 'Free and Royalty Free', CC0-like)	https://bigsoundbank.com/licenses.html	0.380	48000	1	-0.0	-22.3	original WAV from site download form
shutter_slr_trigger_03.wav	https://bigsoundbank.com/trigger-of-camera-3-s2544.html	CC0 1.0 / WTFPL (BigSoundBank 'Free and Royalty Free', CC0-like)	https://bigsoundbank.com/licenses.html	0.768	48000	1	0.0	-24.6	original WAV from site download form
shutter_instamatic_01.wav	https://bigsoundbank.com/instamatic-triggering-1-s2821.html	CC0 1.0 / WTFPL (BigSoundBank 'Free and Royalty Free', CC0-like)	https://bigsoundbank.com/licenses.html	0.446	48000	1	-8.2	-35.4	original WAV from site download form
shutter_instamatic_02.wav	https://bigsoundbank.com/instamatic-triggering-2-s2822.html	CC0 1.0 / WTFPL (BigSoundBank 'Free and Royalty Free', CC0-like)	https://bigsoundbank.com/licenses.html	0.484	48000	1	-5.7	-32.1	original WAV from site download form
shutter_camera_trigger_01.wav	https://bigsoundbank.com/triggering-camera-s0307.html	CC0 1.0 / WTFPL (BigSoundBank 'Free and Royalty Free', CC0-like)	https://bigsoundbank.com/licenses.html	0.355	44100	2	0.0	-16.4	original WAV from site download form
shutter_camera_double_01.wav	https://bigsoundbank.com/two-triggers-camera-s0308.html	CC0 1.0 / WTFPL (BigSoundBank 'Free and Royalty Free', CC0-like)	https://bigsoundbank.com/licenses.html	0.937	44100	2	0.0	-17.2	original WAV from site download form
shutter_old_camera_01.wav	https://bigsoundbank.com/old-camera-trigger-s3022.html	CC0 1.0 / WTFPL (BigSoundBank 'Free and Royalty Free', CC0-like)	https://bigsoundbank.com/licenses.html	2.434	48000	1	-0.1	-31.7	original WAV from site download form
shutter_slr_burst_02.wav	https://bigsoundbank.com/slr-camera-in-burst-mode-2-s2391.html	CC0 1.0 / WTFPL (BigSoundBank 'Free and Royalty Free', CC0-like)	https://bigsoundbank.com/licenses.html	0.970	48000	1	-2.8	-28.5	original WAV from site download form
shutter_slr_burst_03.wav	https://bigsoundbank.com/slr-camera-in-burst-mode-3-s2392.html	CC0 1.0 / WTFPL (BigSoundBank 'Free and Royalty Free', CC0-like)	https://bigsoundbank.com/licenses.html	1.554	48000	1	-0.0	-25.6	original WAV from site download form
shutter_slr_burst_04.wav	https://bigsoundbank.com/slr-camera-in-burst-mode-4-s2393.html	CC0 1.0 / WTFPL (BigSoundBank 'Free and Royalty Free', CC0-like)	https://bigsoundbank.com/licenses.html	1.853	48000	1	-1.6	-27.2	original WAV from site download form
film_advance_instamatic_winder_01.wav	https://bigsoundbank.com/instamatic-winder-1-s2817.html	CC0 1.0 / WTFPL (BigSoundBank 'Free and Royalty Free', CC0-like)	https://bigsoundbank.com/licenses.html	0.854	48000	1	0.0	-30.7	original WAV from site download form
film_advance_instamatic_winder_02.wav	https://bigsoundbank.com/instamatic-winder-2-s2818.html	CC0 1.0 / WTFPL (BigSoundBank 'Free and Royalty Free', CC0-like)	https://bigsoundbank.com/licenses.html	0.837	48000	1	-0.5	-33.7	original WAV from site download form
autofocus_canon_d600_longtake.wav	https://bigsoundbank.com/autofocus-canon-d600-s0688.html	CC0 1.0 / WTFPL (BigSoundBank 'Free and Royalty Free', CC0-like)	https://bigsoundbank.com/licenses.html	11.165	48000	1	-2.2	-22.0	original WAV from site download form
click_mouse_raspberry_01.wav	https://bigsoundbank.com/raspberry-mouse-single-click-s1735.html	CC0 1.0 / WTFPL (BigSoundBank 'Free and Royalty Free', CC0-like)	https://bigsoundbank.com/licenses.html	0.474	48000	1	-2.7	-32.8	original WAV from site download form
click_mouse_apple_magic_01.wav	https://bigsoundbank.com/apple-magic-mouse-single-click-s1742.html	CC0 1.0 / WTFPL (BigSoundBank 'Free and Royalty Free', CC0-like)	https://bigsoundbank.com/licenses.html	0.441	48000	1	-1.7	-33.5	original WAV from site download form
click_trackpad_macbookpro_01.wav	https://bigsoundbank.com/macbook-pro-trackpad-single-click-s1738.html	CC0 1.0 / WTFPL (BigSoundBank 'Free and Royalty Free', CC0-like)	https://bigsoundbank.com/licenses.html	0.441	48000	1	-5.0	-32.0	original WAV from site download form
click_trackpad_macbook_02.wav	https://bigsoundbank.com/macbook-trackpad-simple-click-s1740.html	CC0 1.0 / WTFPL (BigSoundBank 'Free and Royalty Free', CC0-like)	https://bigsoundbank.com/licenses.html	0.417	48000	1	-2.6	-34.5	original WAV from site download form
click_pen_longtake_01.wav	https://bigsoundbank.com/pen-click-s0613.html	CC0 1.0 / WTFPL (BigSoundBank 'Free and Royalty Free', CC0-like)	https://bigsoundbank.com/licenses.html	14.715	48000	1	-0.1	-39.2	original WAV from site download form
click_switch_05.wav	https://bigsoundbank.com/switch-5-s0321.html	CC0 1.0 / WTFPL (BigSoundBank 'Free and Royalty Free', CC0-like)	https://bigsoundbank.com/licenses.html	2.873	44100	2	-5.2	-36.2	original WAV from site download form
click_switch_mic_01.wav	https://bigsoundbank.com/microphone-switch-1-s2026.html	CC0 1.0 / WTFPL (BigSoundBank 'Free and Royalty Free', CC0-like)	https://bigsoundbank.com/licenses.html	0.555	48000	1	-0.0	-23.4	original WAV from site download form
paper_page_turn_01.wav	https://bigsoundbank.com/turned-page-s0164.html	CC0 1.0 / WTFPL (BigSoundBank 'Free and Royalty Free', CC0-like)	https://bigsoundbank.com/licenses.html	0.575	44100	1	-2.8	-30.2	original WAV from site download form
paper_page_turn_05.wav	https://bigsoundbank.com/pages-that-turn-5-s2212.html	CC0 1.0 / WTFPL (BigSoundBank 'Free and Royalty Free', CC0-like)	https://bigsoundbank.com/licenses.html	1.770	48000	1	-1.1	-32.8	original WAV from site download form
paper_page_turn_06.wav	https://bigsoundbank.com/pages-that-turn-6-s2213.html	CC0 1.0 / WTFPL (BigSoundBank 'Free and Royalty Free', CC0-like)	https://bigsoundbank.com/licenses.html	0.992	48000	1	-5.6	-31.9	original WAV from site download form
paper_tear_04.wav	https://bigsoundbank.com/torn-paper-4-s3241.html	CC0 1.0 / WTFPL (BigSoundBank 'Free and Royalty Free', CC0-like)	https://bigsoundbank.com/licenses.html	1.108	48000	1	-1.8	-25.3	original WAV from site download form
lighter_flick_longtake_01.wav	https://bigsoundbank.com/lighter-s0049.html	CC0 1.0 / WTFPL (BigSoundBank 'Free and Royalty Free', CC0-like)	https://bigsoundbank.com/licenses.html	11.380	44100	1	-11.1	-47.4	original WAV from site download form
shutter_dslr_fast_01.wav	https://www.remotion.dev/docs/sfx/shutter-modern	CC0 1.0 Universal	https://creativecommons.org/publicdomain/zero/1.0/	0.489	44100	1	-3.0	-32.6	"Freesound 539136 ""DSLR Shutter fast 006"" by ristooooo1 (CC0), hosted by Remotion"
shutter_old_film_01.wav	https://www.remotion.dev/docs/sfx/shutter-old	CC0 1.0 Universal	https://creativecommons.org/publicdomain/zero/1.0/	0.314	44100	2	-3.0	-28.8	"Freesound ""Werra.wav"" by hmilleo (CC0), hosted by Remotion"
click_mouse_01.wav	https://www.remotion.dev/docs/sfx/mouse-click	CC0 1.0 Universal	https://creativecommons.org/publicdomain/zero/1.0/	0.397	44100	2	-3.0	-31.6	"""Mouse Click Sound"" (CC0 per Remotion), hosted by Remotion"
click_ui_switch_01.wav	https://www.remotion.dev/docs/sfx/ui-switch	CC0 1.0 Universal	https://creativecommons.org/publicdomain/zero/1.0/	0.330	44100	2	-3.0	-31.4	"Kenney ""UI Audio - Switch 35"" (CC0), hosted by Remotion"
whoosh_knife_swish_kenney_01.wav	https://www.remotion.dev/docs/sfx/page-turn	CC0 1.0 Universal	https://creativecommons.org/publicdomain/zero/1.0/	0.400	44100	1	-3.0	-21.8	"Kenney ""Draw Knife 1"" (CC0) -- Remotion labels it page-turn but it is a knife swish, so renamed"
whoosh_short_01.wav	https://www.remotion.dev/docs/sfx/whoosh	CC0 1.0 Universal	https://creativecommons.org/publicdomain/zero/1.0/	0.154	44100	1	-3.0	-18.6	"Freesound ""Woosh"" by 1bob (CC0), hosted by Remotion"
whoosh_whip_96k_01.wav	https://www.remotion.dev/docs/sfx/whip	CC0 1.0 Universal	https://creativecommons.org/publicdomain/zero/1.0/	0.173	96000	2	-3.0	-19.1	"Freesound ""SWSH_Badminton Racquet"" by JW_Audio (CC0), hosted by Remotion; 96 kHz"
click_ui_kenney_01.wav	https://kenney.nl/assets/interface-sounds	CC0 1.0 Universal	https://creativecommons.org/publicdomain/zero/1.0/	0.097	44100	1	-1.4	-26.4	Kenney interface-sounds click_001.ogg; source is OGG Vorbis 44.1 kHz, transcoded to 24-bit WAV (no quality gain)
click_ui_kenney_03.wav	https://kenney.nl/assets/interface-sounds	CC0 1.0 Universal	https://creativecommons.org/publicdomain/zero/1.0/	0.007	44100	1	-1.4	-14.6	Kenney interface-sounds click_003.ogg; source is OGG Vorbis 44.1 kHz, transcoded to 24-bit WAV (no quality gain)
click_ui_kenney_05.wav	https://kenney.nl/assets/interface-sounds	CC0 1.0 Universal	https://creativecommons.org/publicdomain/zero/1.0/	0.007	44100	1	-1.2	-11.6	Kenney interface-sounds click_005.ogg; source is OGG Vorbis 44.1 kHz, transcoded to 24-bit WAV (no quality gain)
tick_ui_kenney_01.wav	https://kenney.nl/assets/interface-sounds	CC0 1.0 Universal	https://creativecommons.org/publicdomain/zero/1.0/	0.045	44100	1	-0.8	-21.5	Kenney interface-sounds tick_001.ogg; source is OGG Vorbis 44.1 kHz, transcoded to 24-bit WAV (no quality gain)
tick_ui_kenney_02.wav	https://kenney.nl/assets/interface-sounds	CC0 1.0 Universal	https://creativecommons.org/publicdomain/zero/1.0/	0.020	44100	1	-1.2	-16.6	Kenney interface-sounds tick_002.ogg; source is OGG Vorbis 44.1 kHz, transcoded to 24-bit WAV (no quality gain)
pop_select_kenney_02.wav	https://kenney.nl/assets/interface-sounds	CC0 1.0 Universal	https://creativecommons.org/publicdomain/zero/1.0/	0.040	44100	2	-1.0	-15.9	Kenney interface-sounds select_002.ogg; source is OGG Vorbis 44.1 kHz, transcoded to 24-bit WAV (no quality gain)
click_toggle_kenney_01.wav	https://kenney.nl/assets/interface-sounds	CC0 1.0 Universal	https://creativecommons.org/publicdomain/zero/1.0/	0.136	44100	1	-0.9	-14.0	Kenney interface-sounds toggle_001.ogg; source is OGG Vorbis 44.1 kHz, transcoded to 24-bit WAV (no quality gain)
pop_pluck_kenney_01.wav	https://kenney.nl/assets/interface-sounds	CC0 1.0 Universal	https://creativecommons.org/publicdomain/zero/1.0/	0.100	44100	2	-0.0	-20.4	Kenney interface-sounds pluck_001.ogg; source is OGG Vorbis 44.1 kHz, transcoded to 24-bit WAV (no quality gain)
click_mouse_kenney_01.wav	https://kenney.nl/assets/ui-audio	CC0 1.0 Universal	https://creativecommons.org/publicdomain/zero/1.0/	0.056	44100	2	-0.8	-23.9	Kenney ui-audio mouseclick1.ogg; source is OGG Vorbis 44.1 kHz, transcoded to 24-bit WAV (no quality gain)
click_mouse_release_kenney_01.wav	https://kenney.nl/assets/ui-audio	CC0 1.0 Universal	https://creativecommons.org/publicdomain/zero/1.0/	0.066	44100	2	-1.8	-25.2	Kenney ui-audio mouserelease1.ogg; source is OGG Vorbis 44.1 kHz, transcoded to 24-bit WAV (no quality gain)
flap_single_board_01.wav	https://freesound.org/people/ngruber/sounds/261244/	CC0 1.0 Universal	https://creativecommons.org/publicdomain/zero/1.0/	0.112	48000	1	-2.2	-18.1	Freesound 261244 "Split Flap Display" by ngruber (CC0, verified on sound page); lossy: from ogg preview (HQ preview; original needs login), 48 kHz 24-bit WAV; cut from the 124 s take at 9.50-9.62 s: one single flap (first flap of a run)
flap_single_board_02.wav	https://freesound.org/people/ngruber/sounds/261244/	CC0 1.0 Universal	https://creativecommons.org/publicdomain/zero/1.0/	0.112	48000	1	-2.4	-18.7	Freesound 261244 "Split Flap Display" by ngruber (CC0, verified on sound page); lossy: from ogg preview (HQ preview; original needs login), 48 kHz 24-bit WAV; cut from the 124 s take at 19.24-19.35 s: one single flap (first flap of a run)
flap_single_board_03.wav	https://freesound.org/people/ngruber/sounds/261244/	CC0 1.0 Universal	https://creativecommons.org/publicdomain/zero/1.0/	0.112	48000	1	-2.4	-18.6	Freesound 261244 "Split Flap Display" by ngruber (CC0, verified on sound page); lossy: from ogg preview (HQ preview; original needs login), 48 kHz 24-bit WAV; cut from the 124 s take at 28.91-29.02 s: one single flap (first flap of a run)
flap_burst3_board_01.wav	https://freesound.org/people/ngruber/sounds/261244/	CC0 1.0 Universal	https://creativecommons.org/publicdomain/zero/1.0/	0.410	48000	1	-2.0	-15.6	Freesound 261244 "Split Flap Display" by ngruber (CC0, verified on sound page); lossy: from ogg preview (HQ preview; original needs login), 48 kHz 24-bit WAV; cut from the 124 s take at 37.87-38.28 s: burst of 3 flaps from silence
flap_burst5_board_01.wav	https://freesound.org/people/ngruber/sounds/261244/	CC0 1.0 Universal	https://creativecommons.org/publicdomain/zero/1.0/	0.500	48000	1	-1.9	-15.7	Freesound 261244 "Split Flap Display" by ngruber (CC0, verified on sound page); lossy: from ogg preview (HQ preview; original needs login), 48 kHz 24-bit WAV; cut from the 124 s take at 46.83-47.33 s: burst of 5 flaps from silence
flap_burst8_board_01.wav	https://freesound.org/people/ngruber/sounds/261244/	CC0 1.0 Universal	https://creativecommons.org/publicdomain/zero/1.0/	0.791	48000	1	-2.0	-15.5	Freesound 261244 "Split Flap Display" by ngruber (CC0, verified on sound page); lossy: from ogg preview (HQ preview; original needs login), 48 kHz 24-bit WAV; cut from the 124 s take at 56.28-57.07 s: burst of 8 flaps from silence
flap_run_board_01.wav	https://freesound.org/people/ngruber/sounds/261244/	CC0 1.0 Universal	https://creativecommons.org/publicdomain/zero/1.0/	7.951	48000	1	-1.4	-19.6	Freesound 261244 "Split Flap Display" by ngruber (CC0, verified on sound page); lossy: from ogg preview (HQ preview; original needs login), 48 kHz 24-bit WAV; cut from the 124 s take at 9.47-17.42 s: long run ~95 flaps, stops abruptly
flap_run_board_02.wav	https://freesound.org/people/ngruber/sounds/261244/	CC0 1.0 Universal	https://creativecommons.org/publicdomain/zero/1.0/	6.395	48000	1	-0.7	-18.9	Freesound 261244 "Split Flap Display" by ngruber (CC0, verified on sound page); lossy: from ogg preview (HQ preview; original needs login), 48 kHz 24-bit WAV; cut from the 124 s take at 97.76-104.16 s: long run ~70 flaps, rhythm loosens at the end then stops
flap_end_board_01.wav	https://freesound.org/people/ngruber/sounds/261244/	CC0 1.0 Universal	https://creativecommons.org/publicdomain/zero/1.0/	1.750	48000	1	-2.1	-19.5	Freesound 261244 "Split Flap Display" by ngruber (CC0, verified on sound page); lossy: from ogg preview (HQ preview; original needs login), 48 kHz 24-bit WAV; cut from the 124 s take at 34.23-35.98 s: last 1.5 s of a run: flaps stop
flap_end_board_02.wav	https://freesound.org/people/ngruber/sounds/261244/	CC0 1.0 Universal	https://creativecommons.org/publicdomain/zero/1.0/	1.450	48000	1	-1.9	-21.8	Freesound 261244 "Split Flap Display" by ngruber (CC0, verified on sound page); lossy: from ogg preview (HQ preview; original needs login), 48 kHz 24-bit WAV; cut from the 124 s take at 111.60-113.05 s: last 1.2 s of a run: flaps stop
flap_run_timetable_01.wav	https://freesound.org/people/dominik.sigrist/sounds/541396/	CC0 1.0 Universal	https://creativecommons.org/publicdomain/zero/1.0/	4.601	48000	1	-8.9	-33.7	Freesound 541396 "mechanical timetable flapping" by dominik.sigrist (CC0, verified on sound page); lossy: from ogg preview (HQ preview; original needs login), 48 kHz 24-bit WAV; complete 5 s take, leading quiet 0.35 s trimmed; board runs then dies away
flap_run_display_01.wav	https://freesound.org/people/pfp2000/sounds/415662/	CC0 1.0 Universal	https://creativecommons.org/publicdomain/zero/1.0/	3.999	48000	2	-12.1	-26.5	Freesound 415662 "Train Station Display Board.wav" by pfp2000 (CC0, verified on sound page); lossy: from ogg preview (HQ preview; original needs login), 48 kHz 24-bit WAV; cut from the 36.5 s take at 0.0-4.0 s: steady ~8 flaps/s, no start or stop
flap_run_display_02.wav	https://freesound.org/people/pfp2000/sounds/415662/	CC0 1.0 Universal	https://creativecommons.org/publicdomain/zero/1.0/	6.001	48000	2	-12.6	-27.1	Freesound 415662 "Train Station Display Board.wav" by pfp2000 (CC0, verified on sound page); lossy: from ogg preview (HQ preview; original needs login), 48 kHz 24-bit WAV; cut from the 36.5 s take at 12.0-18.0 s: steady ~8 flaps/s, no start or stop
flutter_bird_wings_bsb_01.wav	https://bigsoundbank.com/flight-bird-1-s2891.html	CC0 1.0 / WTFPL (BigSoundBank 'Free and Royalty Free', CC0-like)	https://bigsoundbank.com/licenses.html	1.500	48000	1	0.0	-23.6	original 24-bit WAV from site download form; "Flight Bird #1"; cut at 0.20-1.70 s of the 2.65 s original; bird wing flaps, silence trimmed
flutter_bird_wings_bsb_02.wav	https://bigsoundbank.com/flight-bird-2-s2892.html	CC0 1.0 / WTFPL (BigSoundBank 'Free and Royalty Free', CC0-like)	https://bigsoundbank.com/licenses.html	1.180	48000	1	0.0	-24.4	original 24-bit WAV from site download form; "Flight bird #2"; cut at 0.14-1.32 s of the 2.14 s original; bird wing flaps, silence trimmed
flutter_bird_wings_bsb_03.wav	https://bigsoundbank.com/flight-bird-4-s2894.html	CC0 1.0 / WTFPL (BigSoundBank 'Free and Royalty Free', CC0-like)	https://bigsoundbank.com/licenses.html	1.280	48000	1	0.0	-23.5	original 24-bit WAV from site download form; "Flight bird #4"; cut at 0.14-1.42 s of the 2.08 s original; bird wing flaps, silence trimmed
flutter_pigeon_flap_bsb_01.wav	https://bigsoundbank.com/flight-of-a-pigeon-s0840.html	CC0 1.0 / WTFPL (BigSoundBank 'Free and Royalty Free', CC0-like)	https://bigsoundbank.com/licenses.html	1.330	48000	1	-0.0	-28.9	original 16-bit WAV from site download form; "Flight of a Pigeon"; cut at 0.02-1.35 s of the 2.20 s original; pigeon wing flaps, silence trimmed
flutter_pigeon_flight_longtake_01.wav	https://bigsoundbank.com/flight-of-a-pigeon-s0476.html	CC0 1.0 / WTFPL (BigSoundBank 'Free and Royalty Free', CC0-like)	https://bigsoundbank.com/licenses.html	7.718	48000	1	-0.1	-31.5	original 16-bit WAV from site download form; "Flight of a pigeon"; 7.7 s take with three separate wing-flap events
flutter_pigeon_flight_bsb_01.wav	https://bigsoundbank.com/flight-of-a-pigeon-s0476.html	CC0 1.0 / WTFPL (BigSoundBank 'Free and Royalty Free', CC0-like)	https://bigsoundbank.com/licenses.html	1.669	48000	1	-0.1	-29.3	original 16-bit WAV from site download form; "Flight of a pigeon"; cut at 0.18-1.85 s of the 7.72 s original; event 1 of the pigeon take
flutter_pigeon_flight_bsb_02.wav	https://bigsoundbank.com/flight-of-a-pigeon-s0476.html	CC0 1.0 / WTFPL (BigSoundBank 'Free and Royalty Free', CC0-like)	https://bigsoundbank.com/licenses.html	1.527	48000	1	-0.1	-33.6	original 16-bit WAV from site download form; "Flight of a pigeon"; cut at 3.27-4.80 s of the 7.72 s original; event 2 of the pigeon take
flutter_flag_snap_bsb_01.wav	https://bigsoundbank.com/flag-1-s1787.html	CC0 1.0 / WTFPL (BigSoundBank 'Free and Royalty Free', CC0-like)	https://bigsoundbank.com/licenses.html	0.999	48000	2	0.0	-33.0	original 24-bit WAV from site download form; "Flag #1"; cut at 0.15-1.15 s of the 1.15 s original; flag snap / cloth flutter, silence trimmed
flutter_flag_snap_bsb_02.wav	https://bigsoundbank.com/flag-2-s1788.html	CC0 1.0 / WTFPL (BigSoundBank 'Free and Royalty Free', CC0-like)	https://bigsoundbank.com/licenses.html	0.560	48000	2	-4.2	-32.8	original 24-bit WAV from site download form; "Flag #2"; cut at 0.06-0.62 s of the 0.77 s original; flag snap / cloth flutter, silence trimmed
flutter_flag_short_01.wav	https://freesound.org/people/RutgerMuller/sounds/51144/	CC0 1.0 Universal	https://creativecommons.org/publicdomain/zero/1.0/	0.450	48000	1	-0.7	-20.4	Freesound 51144 "Flutter Short.wav" by RutgerMuller (CC0, verified on sound page); lossy: from ogg preview (HQ preview; original needs login), 48 kHz 24-bit WAV; complete file, 0.45 s
flutter_wing_flap_bird_02.wav	https://freesound.org/people/Raclure/sounds/405552/	CC0 1.0 Universal	https://creativecommons.org/publicdomain/zero/1.0/	0.700	48000	2	-14.7	-32.0	Freesound 405552 "Flapping wings of a bird" by Raclure (CC0, verified on sound page); lossy: from ogg preview (HQ preview; original needs login), 48 kHz 24-bit WAV; complete file
flutter_wing_flap_small_01.wav	https://freesound.org/people/Godowan/sounds/240469/	CC0 1.0 Universal	https://creativecommons.org/publicdomain/zero/1.0/	0.626	48000	1	-18.5	-47.7	Freesound 240469 "wings2.wav" by Godowan (CC0, verified on sound page); lossy: from ogg preview (HQ preview; original needs login), 48 kHz 24-bit WAV; complete file; quiet recording
flutter_cloth_flag_flap_01.wav	https://freesound.org/people/ani_music/sounds/244982/	CC0 1.0 Universal	https://creativecommons.org/publicdomain/zero/1.0/	0.883	48000	1	-0.9	-20.6	Freesound 244982 "Wing Flap (Flag Flapping) 5a" by ani_music (CC0, verified on sound page); lossy: from ogg preview (HQ preview; original needs login), 48 kHz 24-bit WAV; complete file
flutter_pages_riffle_01.wav	https://freesound.org/people/synxwtf/sounds/695924/	CC0 1.0 Universal	https://creativecommons.org/publicdomain/zero/1.0/	0.500	48000	1	-1.5	-23.9	Freesound 695924 "pages.wav" by synxwtf (CC0, verified on sound page); lossy: from ogg preview (HQ preview; original needs login), 48 kHz 24-bit WAV; complete file, 0.5 s page riffle
flutter_book_pages_flick_01.wav	https://freesound.org/people/pbimal/sounds/646780/	CC0 1.0 Universal	https://creativecommons.org/publicdomain/zero/1.0/	1.569	48000	1	-3.1	-20.7	Freesound 646780 "book pages flickering 01.ogg" by pbimal (CC0, verified on sound page); lossy: from ogg preview (HQ preview; original needs login), 48 kHz 24-bit WAV; complete file, book pages flicked
flutter_card_riffle_01.wav	https://freesound.org/people/Breviceps/sounds/447918/	CC0 1.0 Universal	https://creativecommons.org/publicdomain/zero/1.0/	0.631	48000	2	-1.4	-25.8	Freesound 447918 "Shuffle cards" by Breviceps (CC0, verified on sound page); lossy: from ogg preview (HQ preview; original needs login), 48 kHz 24-bit WAV; complete file, cards riffle
flutter_card_riffle_02.wav	https://freesound.org/people/IdkMrGarcia/sounds/569069/	CC0 1.0 Universal	https://creativecommons.org/publicdomain/zero/1.0/	1.360	48000	1	-0.3	-14.3	Freesound 569069 "Shuffling Playing Cards" by IdkMrGarcia (CC0, verified on sound page); lossy: from ogg preview (HQ preview; original needs login), 48 kHz 24-bit WAV; complete file, playing cards riffle
flutter_card_riffle_03.wav	https://freesound.org/people/deathpie/sounds/19245/	CC0 1.0 Universal	https://creativecommons.org/publicdomain/zero/1.0/	0.865	48000	2	-4.2	-28.5	Freesound 19245 "shuffle.wav" by deathpie (CC0, verified on sound page); lossy: from ogg preview (HQ preview; original needs login), 48 kHz 24-bit WAV; complete file, short shuffle
riser_reverse_cymbal_shiny_01.wav	https://freesound.org/people/loganzsound/sounds/774635/	CC0 1.0 Universal	https://creativecommons.org/publicdomain/zero/1.0/	2.902	48000	2	0.0	-21.4	Freesound 774635 "Reverse Cymbal Shiny" by loganzsound (CC0, verified on sound page); lossy: from ogg preview (HQ preview; original needs login), 48 kHz 24-bit WAV; reversed cymbal swell, complete file, rises to the end
riser_reverse_cymbal_glassy_01.wav	https://freesound.org/people/burnttoys/sounds/9523/	CC0 1.0 Universal	https://creativecommons.org/publicdomain/zero/1.0/	3.158	48000	2	-1.9	-15.3	Freesound 9523 "cymbal-reversed-glassy-resonance.wav" by burnttoys (CC0, verified on sound page); lossy: from ogg preview (HQ preview; original needs login), 48 kHz 24-bit WAV; reversed cymbal, glassy resonance, complete file
riser_reverse_crash_01.wav	https://freesound.org/people/genocidalguitar/sounds/110218/	CC0 1.0 Universal	https://creativecommons.org/publicdomain/zero/1.0/	3.067	48000	2	-8.0	-30.8	Freesound 110218 "reverse crash.wav" by genocidalguitar (CC0, verified on sound page); lossy: from ogg preview (HQ preview; original needs login), 48 kHz 24-bit WAV; reversed crash, complete file
riser_reverse_crash_low_01.wav	https://freesound.org/people/TheEndOfACycle/sounds/674292/	CC0 1.0 Universal	https://creativecommons.org/publicdomain/zero/1.0/	2.687	48000	2	-0.7	-21.6	Freesound 674292 "Reversed Crash Cymbal - Low" by TheEndOfACycle (CC0, verified on sound page); lossy: from ogg preview (HQ preview; original needs login), 48 kHz 24-bit WAV; reversed low crash cymbal, complete file
riser_reverse_cymbal_soft_01.wav	https://freesound.org/people/ondrosik/sounds/183157/	CC0 1.0 Universal	https://creativecommons.org/publicdomain/zero/1.0/	1.480	48000	1	-22.4	-40.0	Freesound 183157 "reversed_cymbal.wav" by ondrosik (CC0, verified on sound page); lossy: from ogg preview (HQ preview; original needs login), 48 kHz 24-bit WAV; very soft reversed cymbal, complete file; quiet recording
riser_reverse_cymbal_short_02.wav	https://freesound.org/people/Lynx_5969/sounds/418724/	CC0 1.0 Universal	https://creativecommons.org/publicdomain/zero/1.0/	1.500	48000	2	-5.9	-22.0	Freesound 418724 "Reverse Cymbal.wav" by Lynx_5969 (CC0, verified on sound page); lossy: from ogg preview (HQ preview; original needs login), 48 kHz 24-bit WAV; short reversed cymbal, complete file; peaks at ~0.85 s then drops
riser_synth_noise_short_01.wav	https://freesound.org/people/syntheffects/sounds/685256/	CC0 1.0 Universal	https://creativecommons.org/publicdomain/zero/1.0/	3.047	48000	2	-9.6	-27.0	Freesound 685256 "Riser sound effect short.wav" by syntheffects (CC0, verified on sound page); lossy: from ogg preview (HQ preview; original needs login), 48 kHz 24-bit WAV; soft synth/noise riser, complete file
riser_cinematic_subtle_01.wav	https://freesound.org/people/BeaconStudio/sounds/859482/	CC0 1.0 Universal	https://creativecommons.org/publicdomain/zero/1.0/	2.550	48000	1	-1.8	-18.7	Freesound 859482 "Cinematic Riser #3 subtle" by BeaconStudio (CC0, verified on sound page); lossy: from ogg preview (HQ preview; original needs login), 48 kHz 24-bit WAV; cut at 0.00-2.55 s of the 3.00 s take; subtle riser, silent tail trimmed
riser_air_suck_breath_01.wav	https://freesound.org/people/PrdiChlp/sounds/181889/	CC0 1.0 Universal	https://creativecommons.org/publicdomain/zero/1.0/	2.367	48000	1	-0.1	-19.4	Freesound 181889 "Whosh - Reversed/Reverbed breath" by PrdiChlp (CC0, verified on sound page); lossy: from ogg preview (HQ preview; original needs login), 48 kHz 24-bit WAV; reversed/reverbed breath, air suck-in, complete file
riser_reverse_whoosh_soft_01.wav	https://freesound.org/people/SlavicMagic/sounds/446010/	CC0 1.0 Universal	https://creativecommons.org/publicdomain/zero/1.0/	0.662	48000	1	-14.2	-30.4	Freesound 446010 "Backwards Whoosh" by SlavicMagic (CC0, verified on sound page); lossy: from ogg preview (HQ preview; original needs login), 48 kHz 24-bit WAV; very short backwards whoosh, complete file
riser_reverse_whoosh_stick_01.wav	https://freesound.org/people/Sadiquecat/sounds/802453/	CC0 1.0 Universal	https://creativecommons.org/publicdomain/zero/1.0/	0.572	48000	1	-0.0	-17.5	Freesound 802453 "Stick - Whoosh 11 (Reverse)" by Sadiquecat (CC0, verified on sound page); lossy: from ogg preview (HQ preview; original needs login), 48 kHz 24-bit WAV; reversed stick whoosh, complete file; source was 192 kHz, preview is 48 kHz
riser_noise_swell_reverse_01.wav	https://freesound.org/people/HowardV/sounds/402818/	CC0 1.0 Universal	https://creativecommons.org/publicdomain/zero/1.0/	2.500	48000	1	0.0	-13.5	Freesound 402818 "White Noise Short Reverse Whoosh.wav" by HowardV (CC0, verified on sound page); lossy: from ogg preview (HQ preview; original needs login), 48 kHz 24-bit WAV; cut at 0.00-2.50 s of the 3.12 s take; white-noise reverse whoosh swell, silent tail trimmed
riser_tape_rewind_01.wav	https://freesound.org/people/LuKaiX/sounds/700527/	CC0 1.0 Universal	https://creativecommons.org/publicdomain/zero/1.0/	1.841	48000	2	-6.9	-21.9	Freesound 700527 "Rewind Short.wav" by LuKaiX (CC0, verified on sound page); lossy: from ogg preview (HQ preview; original needs login), 48 kHz 24-bit WAV; short tape rewind, complete file
ui_switch_electric_longtake_01.wav	https://bigsoundbank.com/electric-switch-s0026.html	CC0 1.0 / WTFPL (BigSoundBank 'Free and Royalty Free', CC0-like)	https://bigsoundbank.com/licenses.html	6.088	44100	1	-4.0	-41.0	original 16-bit WAV from site download form; "Electric switch"; complete original take, several separate events
ui_switch_electric_01.wav	https://bigsoundbank.com/electric-switch-s0026.html	CC0 1.0 / WTFPL (BigSoundBank 'Free and Royalty Free', CC0-like)	https://bigsoundbank.com/licenses.html	0.363	44100	1	-7.4	-37.1	original 16-bit WAV from site download form; "Electric switch"; cut at 0.20-0.56 s of the 6.09 s original; single event 1 of 4
ui_switch_electric_02.wav	https://bigsoundbank.com/electric-switch-s0026.html	CC0 1.0 / WTFPL (BigSoundBank 'Free and Royalty Free', CC0-like)	https://bigsoundbank.com/licenses.html	0.354	44100	1	-4.0	-32.5	original 16-bit WAV from site download form; "Electric switch"; cut at 1.80-2.16 s of the 6.09 s original; single event 2 of 4
ui_switch_electric_03.wav	https://bigsoundbank.com/electric-switch-s0026.html	CC0 1.0 / WTFPL (BigSoundBank 'Free and Royalty Free', CC0-like)	https://bigsoundbank.com/licenses.html	0.352	44100	1	-4.2	-33.9	original 16-bit WAV from site download form; "Electric switch"; cut at 5.66-6.01 s of the 6.09 s original; single event 4 of 4
ui_switch_desk_lamp_longtake_01.wav	https://bigsoundbank.com/switch-desk-lamp-s0036.html	CC0 1.0 / WTFPL (BigSoundBank 'Free and Royalty Free', CC0-like)	https://bigsoundbank.com/licenses.html	3.805	44100	1	-8.1	-39.8	original 16-bit WAV from site download form; "Switch desk lamp"; complete original take, several separate events
ui_switch_desk_lamp_01.wav	https://bigsoundbank.com/switch-desk-lamp-s0036.html	CC0 1.0 / WTFPL (BigSoundBank 'Free and Royalty Free', CC0-like)	https://bigsoundbank.com/licenses.html	0.433	44100	1	-8.1	-37.0	original 16-bit WAV from site download form; "Switch desk lamp"; cut at 0.21-0.64 s of the 3.81 s original; single event 2 of 7
ui_switch_desk_lamp_02.wav	https://bigsoundbank.com/switch-desk-lamp-s0036.html	CC0 1.0 / WTFPL (BigSoundBank 'Free and Royalty Free', CC0-like)	https://bigsoundbank.com/licenses.html	0.407	44100	1	-11.8	-42.3	original 16-bit WAV from site download form; "Switch desk lamp"; cut at 1.81-2.22 s of the 3.81 s original; single event 4 of 7
ui_switch_power_strip_longtake_01.wav	https://bigsoundbank.com/switch-on-a-power-strip-s0027.html	CC0 1.0 / WTFPL (BigSoundBank 'Free and Royalty Free', CC0-like)	https://bigsoundbank.com/licenses.html	5.442	44100	1	-4.4	-42.7	original 16-bit WAV from site download form; "Switch on a power strip"; complete original take, several separate events
ui_switch_power_strip_01.wav	https://bigsoundbank.com/switch-on-a-power-strip-s0027.html	CC0 1.0 / WTFPL (BigSoundBank 'Free and Royalty Free', CC0-like)	https://bigsoundbank.com/licenses.html	0.359	44100	1	-7.8	-37.8	original 16-bit WAV from site download form; "Switch on a power strip"; cut at 0.38-0.73 s of the 5.44 s original; single event 1 of 4
ui_switch_power_strip_02.wav	https://bigsoundbank.com/switch-on-a-power-strip-s0027.html	CC0 1.0 / WTFPL (BigSoundBank 'Free and Royalty Free', CC0-like)	https://bigsoundbank.com/licenses.html	0.373	44100	1	-14.3	-43.0	original 16-bit WAV from site download form; "Switch on a power strip"; cut at 3.67-4.05 s of the 5.44 s original; single event 3 of 4
ui_switch_old_longtake_01.wav	https://bigsoundbank.com/old-switch-s0540.html	CC0 1.0 / WTFPL (BigSoundBank 'Free and Royalty Free', CC0-like)	https://bigsoundbank.com/licenses.html	14.703	48000	1	-0.1	-39.3	original 16-bit WAV from site download form; "Old switch"; complete original take, several separate events
ui_switch_old_01.wav	https://bigsoundbank.com/old-switch-s0540.html	CC0 1.0 / WTFPL (BigSoundBank 'Free and Royalty Free', CC0-like)	https://bigsoundbank.com/licenses.html	0.410	48000	1	-0.1	-31.3	original 16-bit WAV from site download form; "Old switch"; cut at 0.12-0.53 s of the 14.70 s original; single event 1 of 10
ui_switch_old_02.wav	https://bigsoundbank.com/old-switch-s0540.html	CC0 1.0 / WTFPL (BigSoundBank 'Free and Royalty Free', CC0-like)	https://bigsoundbank.com/licenses.html	0.403	48000	1	-1.8	-32.2	original 16-bit WAV from site download form; "Old switch"; cut at 6.19-6.59 s of the 14.70 s original; single event 5 of 10
ui_switch_industrial_01.wav	https://bigsoundbank.com/industrial-switch-1-s3061.html	CC0 1.0 / WTFPL (BigSoundBank 'Free and Royalty Free', CC0-like)	https://bigsoundbank.com/licenses.html	1.436	48000	1	-4.3	-26.9	original 24-bit WAV from site download form; "Industrial switch #1"; cut at 0.00-1.44 s of the 3.03 s original; silence trimmed
ui_switch_industrial_02.wav	https://bigsoundbank.com/industrial-switch-2-s3062.html	CC0 1.0 / WTFPL (BigSoundBank 'Free and Royalty Free', CC0-like)	https://bigsoundbank.com/licenses.html	1.521	48000	1	-2.2	-25.6	original 24-bit WAV from site download form; "Industrial switch #2"; cut at 0.00-1.52 s of the 3.00 s original; silence trimmed
ui_stapler_wood_01.wav	https://bigsoundbank.com/stapler-on-wood-s1580.html	CC0 1.0 / WTFPL (BigSoundBank 'Free and Royalty Free', CC0-like)	https://bigsoundbank.com/licenses.html	0.902	48000	1	0.0	-26.6	original 24-bit WAV from site download form; "Stapler on wood"; cut at 0.04-0.94 s of the 1.04 s original; silence trimmed
ui_stapler_01.wav	https://bigsoundbank.com/stapler-s0009.html	CC0 1.0 / WTFPL (BigSoundBank 'Free and Royalty Free', CC0-like)	https://bigsoundbank.com/licenses.html	0.382	44100	1	-15.8	-46.8	original 16-bit WAV from site download form; "Office stapler"; cut at 0.34-0.72 s of the 4.00 s original; single event 1 of 6
ui_stapler_02.wav	https://bigsoundbank.com/stapler-s0009.html	CC0 1.0 / WTFPL (BigSoundBank 'Free and Royalty Free', CC0-like)	https://bigsoundbank.com/licenses.html	0.453	44100	1	-8.3	-37.0	original 16-bit WAV from site download form; "Office stapler"; cut at 1.64-2.09 s of the 4.00 s original; single event 3 of 6
ui_lid_aluminium_01.wav	https://bigsoundbank.com/couvercle-en-aluminium-20cm-sample-s0379.html	CC0 1.0 / WTFPL (BigSoundBank 'Free and Royalty Free', CC0-like)	https://bigsoundbank.com/licenses.html	0.871	48000	1	-0.0	-26.2	original 16-bit WAV from site download form; "Aluminum lid 20 cm"; cut at 0.00-0.87 s of the 1.07 s original; silence trimmed
ui_door_strike_01.wav	https://bigsoundbank.com/electric-strike-1-s3442.html	CC0 1.0 / WTFPL (BigSoundBank 'Free and Royalty Free', CC0-like)	https://bigsoundbank.com/licenses.html	0.663	48000	1	-1.5	-20.3	original 24-bit WAV from site download form; "Electric strike #1"
ui_finger_tap_phone_01.wav	https://bigsoundbank.com/finger-on-smartphone-s2650.html	CC0 1.0 / WTFPL (BigSoundBank 'Free and Royalty Free', CC0-like)	https://bigsoundbank.com/licenses.html	0.289	48000	1	-9.2	-40.2	original 24-bit WAV from site download form; "Finger on Smartphone"; cut at 0.45-0.74 s of the 31.80 s original; single event 2 of 102
ui_finger_tap_phone_02.wav	https://bigsoundbank.com/finger-on-smartphone-s2650.html	CC0 1.0 / WTFPL (BigSoundBank 'Free and Royalty Free', CC0-like)	https://bigsoundbank.com/licenses.html	0.300	48000	1	-19.8	-49.1	original 24-bit WAV from site download form; "Finger on Smartphone"; cut at 0.91-1.21 s of the 31.80 s original; single event 4 of 102
ui_finger_tap_phone_03.wav	https://bigsoundbank.com/finger-on-smartphone-s2650.html	CC0 1.0 / WTFPL (BigSoundBank 'Free and Royalty Free', CC0-like)	https://bigsoundbank.com/licenses.html	0.313	48000	1	-8.5	-37.5	original 24-bit WAV from site download form; "Finger on Smartphone"; cut at 1.53-1.84 s of the 31.80 s original; single event 6 of 102
ui_zipper_pull_01.wav	https://bigsoundbank.com/zipper-2-s0270.html	CC0 1.0 / WTFPL (BigSoundBank 'Free and Royalty Free', CC0-like)	https://bigsoundbank.com/licenses.html	0.906	44100	2	-1.1	-22.4	original 16-bit WAV from site download form; "Zipper #2"
ui_zipper_pull_02.wav	https://bigsoundbank.com/zipper-10-s3325.html	CC0 1.0 / WTFPL (BigSoundBank 'Free and Royalty Free', CC0-like)	https://bigsoundbank.com/licenses.html	0.358	48000	1	-1.0	-26.2	original 24-bit WAV from site download form; "Zipper #10"
ui_zipper_pull_03.wav	https://bigsoundbank.com/zip-1-s0014.html	CC0 1.0 / WTFPL (BigSoundBank 'Free and Royalty Free', CC0-like)	https://bigsoundbank.com/licenses.html	1.298	44100	1	-15.1	-32.9	original 16-bit WAV from site download form; "Zip #1"; cut at 0.10-1.40 s of the 3.68 s original
click_mouse_double_raspberry_01.wav	https://bigsoundbank.com/raspberry-mouse-double-click-1-s1736.html	CC0 1.0 / WTFPL (BigSoundBank 'Free and Royalty Free', CC0-like)	https://bigsoundbank.com/licenses.html	0.557	48000	1	-4.1	-30.9	original 24-bit WAV from site download form; "Raspberry mouse, double click #1"; cut at 0.03-0.59 s of the 0.59 s original; silence trimmed
click_mouse_double_raspberry_02.wav	https://bigsoundbank.com/raspberry-mouse-double-click-2-s1737.html	CC0 1.0 / WTFPL (BigSoundBank 'Free and Royalty Free', CC0-like)	https://bigsoundbank.com/licenses.html	0.563	48000	1	-2.5	-31.1	original 24-bit WAV from site download form; "Raspberry mouse, double click #2"
click_trackpad_double_macbookpro_01.wav	https://bigsoundbank.com/macbook-pro-trackpad-double-click-s1739.html	CC0 1.0 / WTFPL (BigSoundBank 'Free and Royalty Free', CC0-like)	https://bigsoundbank.com/licenses.html	0.582	48000	1	-3.1	-29.7	original 24-bit WAV from site download form; "MacBook Pro trackpad, double click"; cut at 0.08-0.66 s of the 0.66 s original; silence trimmed
click_trackpad_double_macbookpro_02.wav	https://bigsoundbank.com/macbook-pro-trackpad-double-click-s1741.html	CC0 1.0 / WTFPL (BigSoundBank 'Free and Royalty Free', CC0-like)	https://bigsoundbank.com/licenses.html	0.564	48000	1	-2.3	-33.2	original 24-bit WAV from site download form; "MacBook Pro trackpad, double click"
click_mouse_double_apple_01.wav	https://bigsoundbank.com/apple-magic-mouse-double-click-s1743.html	CC0 1.0 / WTFPL (BigSoundBank 'Free and Royalty Free', CC0-like)	https://bigsoundbank.com/licenses.html	0.465	48000	1	-3.6	-31.5	original 24-bit WAV from site download form; "Apple Magic Mouse, double click"
click_pen_click_01.wav	https://bigsoundbank.com/clicks-pen-s0810.html	CC0 1.0 / WTFPL (BigSoundBank 'Free and Royalty Free', CC0-like)	https://bigsoundbank.com/licenses.html	0.324	48000	1	-7.7	-34.8	original 16-bit WAV from site download form; "Clicks pen"; cut at 0.72-1.05 s of the 18.96 s original; single event 2 of 29
click_pen_click_02.wav	https://bigsoundbank.com/clicks-pen-s0810.html	CC0 1.0 / WTFPL (BigSoundBank 'Free and Royalty Free', CC0-like)	https://bigsoundbank.com/licenses.html	0.321	48000	1	-4.7	-33.7	original 16-bit WAV from site download form; "Clicks pen"; cut at 2.18-2.50 s of the 18.96 s original; single event 4 of 29
click_pen_click_03.wav	https://bigsoundbank.com/clicks-pen-s0810.html	CC0 1.0 / WTFPL (BigSoundBank 'Free and Royalty Free', CC0-like)	https://bigsoundbank.com/licenses.html	0.370	48000	1	-7.3	-34.6	original 16-bit WAV from site download form; "Clicks pen"; cut at 3.72-4.09 s of the 18.96 s original; single event 6 of 29
click_thermostat_01.wav	https://bigsoundbank.com/thermostat-1-s2191.html	CC0 1.0 / WTFPL (BigSoundBank 'Free and Royalty Free', CC0-like)	https://bigsoundbank.com/licenses.html	0.035	48000	1	-0.0	-14.4	original 24-bit WAV from site download form; "Thermostat #1"; cut at 0.00-0.04 s of the 0.08 s original; silence trimmed
click_seatbelt_01.wav	https://bigsoundbank.com/click-seatbelt-s0656.html	CC0 1.0 / WTFPL (BigSoundBank 'Free and Royalty Free', CC0-like)	https://bigsoundbank.com/licenses.html	0.263	48000	1	-18.9	-46.1	original 16-bit WAV from site download form; "Click seatbelt"; cut at 1.75-2.02 s of the 26.57 s original; single event 3 of 33
tick_clock_01.wav	https://bigsoundbank.com/clock-s0007.html	CC0 1.0 / WTFPL (BigSoundBank 'Free and Royalty Free', CC0-like)	https://bigsoundbank.com/licenses.html	0.503	44100	1	-6.4	-28.9	original 16-bit WAV from site download form; "Clock"; cut at 1.13-1.63 s of the 9.00 s original; single event 2 of 9
tick_clock_02.wav	https://bigsoundbank.com/clock-s0007.html	CC0 1.0 / WTFPL (BigSoundBank 'Free and Royalty Free', CC0-like)	https://bigsoundbank.com/licenses.html	0.496	44100	1	-2.3	-27.0	original 16-bit WAV from site download form; "Clock"; cut at 3.12-3.62 s of the 9.00 s original; single event 4 of 9
tick_clock_run_01.wav	https://bigsoundbank.com/clock-s0007.html	CC0 1.0 / WTFPL (BigSoundBank 'Free and Royalty Free', CC0-like)	https://bigsoundbank.com/licenses.html	3.400	44100	1	-0.0	-29.6	original 16-bit WAV from site download form; "Clock"; cut at 0.10-3.50 s of the 9.00 s original
tick_alarm_clock_01.wav	https://bigsoundbank.com/tic-tac-mechanical-alarm-clock-s1372.html	CC0 1.0 / WTFPL (BigSoundBank 'Free and Royalty Free', CC0-like)	https://bigsoundbank.com/licenses.html	0.270	48000	1	-0.2	-24.7	original 24-bit WAV from site download form; "Tic Tac mechanical alarm clock #1"; cut at 0.00-0.27 s of the 43.21 s original
tick_alarm_clock_02.wav	https://bigsoundbank.com/tic-tac-mechanical-alarm-clock-s1372.html	CC0 1.0 / WTFPL (BigSoundBank 'Free and Royalty Free', CC0-like)	https://bigsoundbank.com/licenses.html	0.300	48000	1	-0.8	-26.6	original 24-bit WAV from site download form; "Tic Tac mechanical alarm clock #1"; cut at 0.27-0.57 s of the 43.21 s original
tick_alarm_clock_run_01.wav	https://bigsoundbank.com/tic-tac-mechanical-alarm-clock-s1372.html	CC0 1.0 / WTFPL (BigSoundBank 'Free and Royalty Free', CC0-like)	https://bigsoundbank.com/licenses.html	1.800	48000	1	0.0	-25.4	original 24-bit WAV from site download form; "Tic Tac mechanical alarm clock #1"; cut at 0.00-1.80 s of the 43.21 s original
tick_stopwatch_01.wav	https://bigsoundbank.com/stopwatch-1-s2137.html	CC0 1.0 / WTFPL (BigSoundBank 'Free and Royalty Free', CC0-like)	https://bigsoundbank.com/licenses.html	0.250	48000	1	-0.9	-26.7	original 24-bit WAV from site download form; "Chronograph #1"; cut at 0.05-0.30 s of the 11.00 s original
tick_stopwatch_run_01.wav	https://bigsoundbank.com/stopwatch-1-s2137.html	CC0 1.0 / WTFPL (BigSoundBank 'Free and Royalty Free', CC0-like)	https://bigsoundbank.com/licenses.html	2.000	48000	1	0.0	-27.8	original 24-bit WAV from site download form; "Chronograph #1"; cut at 0.05-2.05 s of the 11.00 s original
tick_metronome_01.wav	https://bigsoundbank.com/metronome-a-120bpm-s0468.html	CC0 1.0 / WTFPL (BigSoundBank 'Free and Royalty Free', CC0-like)	https://bigsoundbank.com/licenses.html	0.416	48000	1	-4.2	-29.0	original 16-bit WAV from site download form; "Mechanical metronome"; cut at 0.54-0.95 s of the 12.37 s original; single event 2 of 26
tick_metronome_02.wav	https://bigsoundbank.com/metronome-a-120bpm-s0468.html	CC0 1.0 / WTFPL (BigSoundBank 'Free and Royalty Free', CC0-like)	https://bigsoundbank.com/licenses.html	0.415	48000	1	-4.7	-28.5	original 16-bit WAV from site download form; "Mechanical metronome"; cut at 1.49-1.90 s of the 12.37 s original; single event 4 of 26
tick_drumsticks_longtake_01.wav	https://bigsoundbank.com/drumsticks-1-s1488.html	CC0 1.0 / WTFPL (BigSoundBank 'Free and Royalty Free', CC0-like)	https://bigsoundbank.com/licenses.html	1.963	48000	1	0.0	-25.8	original 24-bit WAV from site download form; "Drumsticks #1"; complete original take, several separate events
tick_drumsticks_01.wav	https://bigsoundbank.com/drumsticks-1-s1488.html	CC0 1.0 / WTFPL (BigSoundBank 'Free and Royalty Free', CC0-like)	https://bigsoundbank.com/licenses.html	0.357	48000	1	0.0	-26.2	original 24-bit WAV from site download form; "Drumsticks #1"; cut at 0.46-0.81 s of the 1.96 s original; single event 2 of 4
tick_drumsticks_02.wav	https://bigsoundbank.com/drumsticks-1-s1488.html	CC0 1.0 / WTFPL (BigSoundBank 'Free and Royalty Free', CC0-like)	https://bigsoundbank.com/licenses.html	0.367	48000	1	0.0	-24.4	original 24-bit WAV from site download form; "Drumsticks #1"; cut at 0.96-1.33 s of the 1.96 s original; single event 3 of 4
tick_finger_tap_table_01.wav	https://bigsoundbank.com/impatient-finger-tapping-3-s1429.html	CC0 1.0 / WTFPL (BigSoundBank 'Free and Royalty Free', CC0-like)	https://bigsoundbank.com/licenses.html	0.498	48000	1	-5.7	-24.6	original 24-bit WAV from site download form; "Impatient finger tapping #3"; cut at 0.48-0.98 s of the 7.62 s original; single event 2 of 15
tick_finger_tap_table_02.wav	https://bigsoundbank.com/impatient-finger-tapping-3-s1429.html	CC0 1.0 / WTFPL (BigSoundBank 'Free and Royalty Free', CC0-like)	https://bigsoundbank.com/licenses.html	0.433	48000	1	-2.8	-22.8	original 24-bit WAV from site download form; "Impatient finger tapping #3"; cut at 2.50-2.94 s of the 7.62 s original; single event 6 of 15
pop_finger_snap_01.wav	https://bigsoundbank.com/finger-clashes-s0483.html	CC0 1.0 / WTFPL (BigSoundBank 'Free and Royalty Free', CC0-like)	https://bigsoundbank.com/licenses.html	0.491	48000	1	-5.9	-40.0	original 16-bit WAV from site download form; "Finger clashes"; cut at 1.04-1.54 s of the 15.68 s original; single event 2 of 16
pop_finger_snap_02.wav	https://bigsoundbank.com/finger-clashes-s0483.html	CC0 1.0 / WTFPL (BigSoundBank 'Free and Royalty Free', CC0-like)	https://bigsoundbank.com/licenses.html	0.496	48000	1	-6.7	-40.7	original 16-bit WAV from site download form; "Finger clashes"; cut at 3.29-3.78 s of the 15.68 s original; single event 4 of 16
pop_finger_snap_03.wav	https://bigsoundbank.com/finger-clashes-s0483.html	CC0 1.0 / WTFPL (BigSoundBank 'Free and Royalty Free', CC0-like)	https://bigsoundbank.com/licenses.html	0.462	48000	1	-15.7	-48.5	original 16-bit WAV from site download form; "Finger clashes"; cut at 5.03-5.49 s of the 15.68 s original; single event 6 of 16
pop_tongue_click_01.wav	https://bigsoundbank.com/tongue-clicks-s1038.html	CC0 1.0 / WTFPL (BigSoundBank 'Free and Royalty Free', CC0-like)	https://bigsoundbank.com/licenses.html	0.323	48000	1	-0.0	-21.6	original 16-bit WAV from site download form; "Tongue clicks"; cut at 0.80-1.12 s of the 10.46 s original; single event 2 of 15
pop_tongue_click_02.wav	https://bigsoundbank.com/tongue-clicks-s1038.html	CC0 1.0 / WTFPL (BigSoundBank 'Free and Royalty Free', CC0-like)	https://bigsoundbank.com/licenses.html	0.324	48000	1	-1.5	-24.3	original 16-bit WAV from site download form; "Tongue clicks"; cut at 2.16-2.48 s of the 10.46 s original; single event 4 of 15
pop_tongue_click_03.wav	https://bigsoundbank.com/tongue-clicks-s1038.html	CC0 1.0 / WTFPL (BigSoundBank 'Free and Royalty Free', CC0-like)	https://bigsoundbank.com/licenses.html	0.319	48000	1	-4.5	-31.1	original 16-bit WAV from site download form; "Tongue clicks"; cut at 4.29-4.61 s of the 10.46 s original; single event 7 of 15
pop_cork_champagne_01.wav	https://bigsoundbank.com/champagne-cork-s0211.html	CC0 1.0 / WTFPL (BigSoundBank 'Free and Royalty Free', CC0-like)	https://bigsoundbank.com/licenses.html	1.908	44100	1	-0.0	-27.1	original 16-bit WAV from site download form; "Champagne Cork #1"; cut at 0.00-1.91 s of the 2.63 s original; silence trimmed
pop_cork_champagne_02.wav	https://bigsoundbank.com/champagne-cork-2-s0648.html	CC0 1.0 / WTFPL (BigSoundBank 'Free and Royalty Free', CC0-like)	https://bigsoundbank.com/licenses.html	0.587	48000	2	-0.8	-26.9	original 16-bit WAV from site download form; "Champagne cork #2"; cut at 0.13-0.72 s of the 0.80 s original; silence trimmed
pop_bubble_wrap_longtake_01.wav	https://bigsoundbank.com/bubble-wrap-breakouts-s0462.html	CC0 1.0 / WTFPL (BigSoundBank 'Free and Royalty Free', CC0-like)	https://bigsoundbank.com/licenses.html	7.126	48000	1	-7.4	-45.5	original 16-bit WAV from site download form; "Bubble wrap: Breakouts"; complete original take, several separate events
pop_bubble_wrap_01.wav	https://bigsoundbank.com/bubble-wrap-breakouts-s0462.html	CC0 1.0 / WTFPL (BigSoundBank 'Free and Royalty Free', CC0-like)	https://bigsoundbank.com/licenses.html	0.455	48000	1	-7.4	-39.8	original 16-bit WAV from site download form; "Bubble wrap: Breakouts"; cut at 1.50-1.95 s of the 7.13 s original; single event 2 of 7
pop_bubble_wrap_02.wav	https://bigsoundbank.com/bubble-wrap-breakouts-s0462.html	CC0 1.0 / WTFPL (BigSoundBank 'Free and Royalty Free', CC0-like)	https://bigsoundbank.com/licenses.html	0.456	48000	1	-10.9	-41.4	original 16-bit WAV from site download form; "Bubble wrap: Breakouts"; cut at 3.71-4.16 s of the 7.13 s original; single event 4 of 7
pop_bubble_wrap_03.wav	https://bigsoundbank.com/bubble-wrap-breakouts-s0462.html	CC0 1.0 / WTFPL (BigSoundBank 'Free and Royalty Free', CC0-like)	https://bigsoundbank.com/licenses.html	0.445	48000	1	-12.5	-44.1	original 16-bit WAV from site download form; "Bubble wrap: Breakouts"; cut at 5.64-6.09 s of the 7.13 s original; single event 6 of 7
pop_bubble_burst_01.wav	https://bigsoundbank.com/bubbles-burst-s1074.html	CC0 1.0 / WTFPL (BigSoundBank 'Free and Royalty Free', CC0-like)	https://bigsoundbank.com/licenses.html	0.391	48000	1	-10.6	-29.7	original 16-bit WAV from site download form; "Bubbles Burst"; cut at 1.46-1.85 s of the 40.11 s original; single event 2 of 31
pop_bubble_burst_02.wav	https://bigsoundbank.com/bubbles-burst-s1074.html	CC0 1.0 / WTFPL (BigSoundBank 'Free and Royalty Free', CC0-like)	https://bigsoundbank.com/licenses.html	0.396	48000	1	-18.1	-37.4	original 16-bit WAV from site download form; "Bubbles Burst"; cut at 2.78-3.17 s of the 40.11 s original; single event 3 of 31
type_key_macbook_01.wav	https://bigsoundbank.com/slow-macbook-keyboard-1-s1726.html	CC0 1.0 / WTFPL (BigSoundBank 'Free and Royalty Free', CC0-like)	https://bigsoundbank.com/licenses.html	0.347	48000	1	-9.4	-37.7	original 24-bit WAV from site download form; "Slow MacBook keyboard #1"; cut at 0.57-0.91 s of the 20.32 s original; single event 2 of 38
type_burst_macbook_01.wav	https://bigsoundbank.com/slow-macbook-keyboard-1-s1726.html	CC0 1.0 / WTFPL (BigSoundBank 'Free and Royalty Free', CC0-like)	https://bigsoundbank.com/licenses.html	2.370	48000	1	-4.4	-37.8	original 24-bit WAV from site download form; "Slow MacBook keyboard #1"; cut at 0.08-2.45 s of the 20.32 s original
type_key_macbookpro_01.wav	https://bigsoundbank.com/slow-macbook-pro-keyboard-1-s1728.html	CC0 1.0 / WTFPL (BigSoundBank 'Free and Royalty Free', CC0-like)	https://bigsoundbank.com/licenses.html	0.375	48000	1	-12.8	-41.3	original 24-bit WAV from site download form; "Slow MacBook Pro keyboard #1"; cut at 0.58-0.95 s of the 27.09 s original; single event 2 of 64
type_key_imac_01.wav	https://bigsoundbank.com/slow-imac-keyboard-s1730.html	CC0 1.0 / WTFPL (BigSoundBank 'Free and Royalty Free', CC0-like)	https://bigsoundbank.com/licenses.html	0.382	48000	1	-6.0	-35.9	original 24-bit WAV from site download form; "Slow iMac keyboard"; cut at 0.14-0.52 s of the 25.70 s original; single event 1 of 63
type_key_raspberry_01.wav	https://bigsoundbank.com/slow-raspberry-keyboard-s1732.html	CC0 1.0 / WTFPL (BigSoundBank 'Free and Royalty Free', CC0-like)	https://bigsoundbank.com/licenses.html	0.442	48000	1	-13.3	-44.0	original 24-bit WAV from site download form; "Slow Raspberry keyboard"; cut at 0.67-1.11 s of the 39.21 s original; single event 2 of 66
type_burst_imac_01.wav	https://bigsoundbank.com/quick-imac-keyboard-s1731.html	CC0 1.0 / WTFPL (BigSoundBank 'Free and Royalty Free', CC0-like)	https://bigsoundbank.com/licenses.html	1.520	48000	1	-6.9	-40.7	original 24-bit WAV from site download form; "Quick iMac Keyboard"; cut at 0.08-1.60 s of the 39.65 s original
type_key_typewriter_01.wav	https://bigsoundbank.com/typewriter-key-s2842.html	CC0 1.0 / WTFPL (BigSoundBank 'Free and Royalty Free', CC0-like)	https://bigsoundbank.com/licenses.html	0.659	48000	1	-0.0	-33.7	original 24-bit WAV from site download form; "Typewriter, Key"; cut at 0.08-0.74 s of the 1.02 s original; silence trimmed
type_key_typewriter_02.wav	https://bigsoundbank.com/typewriter-s1065.html	CC0 1.0 / WTFPL (BigSoundBank 'Free and Royalty Free', CC0-like)	https://bigsoundbank.com/licenses.html	0.536	48000	1	-0.0	-28.4	original 16-bit WAV from site download form; "Typewriter #1"; cut at 0.88-1.41 s of the 24.70 s original; single event 2 of 32
type_burst_typewriter_01.wav	https://bigsoundbank.com/typewriter-s1065.html	CC0 1.0 / WTFPL (BigSoundBank 'Free and Royalty Free', CC0-like)	https://bigsoundbank.com/licenses.html	2.400	48000	1	0.0	-27.8	original 16-bit WAV from site download form; "Typewriter #1"; cut at 1.75-4.15 s of the 24.70 s original
type_space_typewriter_01.wav	https://bigsoundbank.com/typewriter-space-s2843.html	CC0 1.0 / WTFPL (BigSoundBank 'Free and Royalty Free', CC0-like)	https://bigsoundbank.com/licenses.html	0.801	48000	1	-11.0	-37.2	original 24-bit WAV from site download form; "Typewriter, space"; cut at 0.03-0.83 s of the 0.98 s original; silence trimmed
whoosh_swish_bsb_longtake_01.wav	https://bigsoundbank.com/whoosh-1-s0572.html	CC0 1.0 / WTFPL (BigSoundBank 'Free and Royalty Free', CC0-like)	https://bigsoundbank.com/licenses.html	10.870	48000	1	-0.6	-27.3	original 16-bit WAV from site download form; "Whoosh #1"; complete original take, several separate events
whoosh_swish_bsb_01.wav	https://bigsoundbank.com/whoosh-1-s0572.html	CC0 1.0 / WTFPL (BigSoundBank 'Free and Royalty Free', CC0-like)	https://bigsoundbank.com/licenses.html	0.460	48000	1	-2.9	-23.3	original 16-bit WAV from site download form; "Whoosh #1"; cut at 1.05-1.51 s of the 10.87 s original; single event 2 of 11
whoosh_swish_bsb_02.wav	https://bigsoundbank.com/whoosh-1-s0572.html	CC0 1.0 / WTFPL (BigSoundBank 'Free and Royalty Free', CC0-like)	https://bigsoundbank.com/licenses.html	0.463	48000	1	-4.0	-24.9	original 16-bit WAV from site download form; "Whoosh #1"; cut at 3.39-3.86 s of the 10.87 s original; single event 4 of 11
whoosh_short_bsb_01.wav	https://bigsoundbank.com/whoosh-5-s1797.html	CC0 1.0 / WTFPL (BigSoundBank 'Free and Royalty Free', CC0-like)	https://bigsoundbank.com/licenses.html	0.378	48000	2	-5.6	-25.1	original 24-bit WAV from site download form; "Whoosh #5"; cut at 0.11-0.48 s of the 0.54 s original; silence trimmed
whoosh_short_bsb_02.wav	https://bigsoundbank.com/whoosh-10-s1798.html	CC0 1.0 / WTFPL (BigSoundBank 'Free and Royalty Free', CC0-like)	https://bigsoundbank.com/licenses.html	0.384	48000	2	0.0	-21.7	original 24-bit WAV from site download form; "Whoosh #10"; cut at 0.08-0.46 s of the 0.46 s original; silence trimmed
whoosh_short_bsb_03.wav	https://bigsoundbank.com/whoosh-9-s1802.html	CC0 1.0 / WTFPL (BigSoundBank 'Free and Royalty Free', CC0-like)	https://bigsoundbank.com/licenses.html	0.328	48000	2	-1.9	-21.1	original 24-bit WAV from site download form; "Whoosh #9"; cut at 0.04-0.37 s of the 0.37 s original; silence trimmed
whoosh_sword_cut_bsb_01.wav	https://bigsoundbank.com/sword-that-cuts-s0127.html	CC0 1.0 / WTFPL (BigSoundBank 'Free and Royalty Free', CC0-like)	https://bigsoundbank.com/licenses.html	0.719	22050	1	-0.7	-20.7	original 16-bit WAV from site download form; "Sword That Cuts"; cut at 0.00-0.72 s of the 0.78 s original; silence trimmed
pen_pencil_signature_01.wav	https://bigsoundbank.com/pencil-signature-1-s3236.html	CC0 1.0 / WTFPL (BigSoundBank 'Free and Royalty Free', CC0-like)	https://bigsoundbank.com/licenses.html	3.298	48000	1	-2.9	-22.1	original 24-bit WAV from site download form; "Pencil, signature #1"; cut at 0.07-3.37 s of the 3.37 s original; silence trimmed
pen_pencil_signature_02.wav	https://bigsoundbank.com/pencil-signature-2-s3237.html	CC0 1.0 / WTFPL (BigSoundBank 'Free and Royalty Free', CC0-like)	https://bigsoundbank.com/licenses.html	1.623	48000	1	-2.4	-22.9	original 24-bit WAV from site download form; "Pencil, signature #2"; cut at 0.14-1.76 s of the 1.76 s original; silence trimmed
pen_pencil_signature_03.wav	https://bigsoundbank.com/pencil-signature-3-s3238.html	CC0 1.0 / WTFPL (BigSoundBank 'Free and Royalty Free', CC0-like)	https://bigsoundbank.com/licenses.html	1.989	48000	1	-11.7	-30.1	original 24-bit WAV from site download form; "Pencil, signature #3"; cut at 0.16-2.15 s of the 2.15 s original; silence trimmed
pen_pencil_stroke_01.wav	https://bigsoundbank.com/pencil-2-s3233.html	CC0 1.0 / WTFPL (BigSoundBank 'Free and Royalty Free', CC0-like)	https://bigsoundbank.com/licenses.html	0.630	48000	1	-10.1	-29.2	original 24-bit WAV from site download form; "Pencil #2"; cut at 0.27-0.90 s of the 10.76 s original; single event 1 of 9
pen_pencil_stroke_02.wav	https://bigsoundbank.com/pencil-2-s3233.html	CC0 1.0 / WTFPL (BigSoundBank 'Free and Royalty Free', CC0-like)	https://bigsoundbank.com/licenses.html	0.530	48000	1	-13.6	-32.7	original 24-bit WAV from site download form; "Pencil #2"; cut at 0.86-1.39 s of the 10.76 s original; single event 2 of 9
pen_marker_whiteboard_01.wav	https://bigsoundbank.com/whiteboard-marker-s0807.html	CC0 1.0 / WTFPL (BigSoundBank 'Free and Royalty Free', CC0-like)	https://bigsoundbank.com/licenses.html	1.314	48000	1	-12.7	-36.0	original 16-bit WAV from site download form; "Whiteboard marker"; cut at 0.02-1.34 s of the 31.94 s original; single event 1 of 35
pen_marker_whiteboard_02.wav	https://bigsoundbank.com/whiteboard-marker-s0807.html	CC0 1.0 / WTFPL (BigSoundBank 'Free and Royalty Free', CC0-like)	https://bigsoundbank.com/licenses.html	1.084	48000	1	-8.8	-34.8	original 16-bit WAV from site download form; "Whiteboard marker"; cut at 4.84-5.93 s of the 31.94 s original; single event 6 of 35
pen_felt_scribble_01.wav	https://bigsoundbank.com/felt-coloring-s1426.html	CC0 1.0 / WTFPL (BigSoundBank 'Free and Royalty Free', CC0-like)	https://bigsoundbank.com/licenses.html	2.200	48000	1	0.0	-15.1	original 24-bit WAV from site download form; "Felt coloring"; cut at 0.10-2.30 s of the 29.35 s original
sparkle_small_bell_01.wav	https://bigsoundbank.com/small-bell-1-s0292.html	CC0 1.0 / WTFPL (BigSoundBank 'Free and Royalty Free', CC0-like)	https://bigsoundbank.com/licenses.html	3.600	44100	1	-9.1	-33.3	original 16-bit WAV from site download form; "Small Bell #1"; cut at 0.00-3.60 s of the 5.63 s original
sparkle_small_bell_02.wav	https://bigsoundbank.com/small-bell-3-s0294.html	CC0 1.0 / WTFPL (BigSoundBank 'Free and Royalty Free', CC0-like)	https://bigsoundbank.com/licenses.html	3.800	44100	1	-10.1	-30.4	original 16-bit WAV from site download form; "Small Bell #3"; cut at 0.00-3.80 s of the 5.34 s original
sparkle_glass_clink_01.wav	https://bigsoundbank.com/cheers-champagne-flute-1-s1335.html	CC0 1.0 / WTFPL (BigSoundBank 'Free and Royalty Free', CC0-like)	https://bigsoundbank.com/licenses.html	0.744	48000	1	-1.0	-22.7	original 24-bit WAV from site download form; "Cheers, Champagne Flute #1"; cut at 0.01-0.75 s of the 0.83 s original; silence trimmed
sparkle_glass_clink_02.wav	https://bigsoundbank.com/cheers-small-wineglass-1-s1325.html	CC0 1.0 / WTFPL (BigSoundBank 'Free and Royalty Free', CC0-like)	https://bigsoundbank.com/licenses.html	0.472	48000	1	-2.4	-22.7	original 24-bit WAV from site download form; "Cheers, small wineglass #1"; cut at 0.00-0.47 s of the 0.52 s original; silence trimmed
sparkle_glass_clink_03.wav	https://bigsoundbank.com/clink-of-glass-toast-1-s2886.html	CC0 1.0 / WTFPL (BigSoundBank 'Free and Royalty Free', CC0-like)	https://bigsoundbank.com/licenses.html	2.451	48000	1	-0.0	-29.0	original 24-bit WAV from site download form; "Clink of glass, Toast #1"; cut at 0.25-2.70 s of the 2.87 s original
sparkle_music_box_01.wav	https://bigsoundbank.com/music-box-c-1-s1874.html	CC0 1.0 / WTFPL (BigSoundBank 'Free and Royalty Free', CC0-like)	https://bigsoundbank.com/licenses.html	2.132	48000	1	-0.6	-21.2	original 24-bit WAV from site download form; "Music box, C #2"; cut at 0.03-2.16 s of the 2.20 s original; silence trimmed
sparkle_wind_chime_01.wav	https://bigsoundbank.com/chimes-butterfly-1-s2087.html	CC0 1.0 / WTFPL (BigSoundBank 'Free and Royalty Free', CC0-like)	https://bigsoundbank.com/licenses.html	2.044	48000	1	-0.5	-27.6	original 24-bit WAV from site download form; "Chimes "butterfly" #1"; cut at 0.03-2.08 s of the 2.08 s original; silence trimmed
sparkle_coin_cup_01.wav	https://bigsoundbank.com/coin-in-cup-1-s0339.html	CC0 1.0 / WTFPL (BigSoundBank 'Free and Royalty Free', CC0-like)	https://bigsoundbank.com/licenses.html	0.810	44100	2	-9.9	-29.6	original 16-bit WAV from site download form; "Coin in cup #1"
sparkle_typewriter_bell_01.wav	https://bigsoundbank.com/typewriter-bell-s2844.html	CC0 1.0 / WTFPL (BigSoundBank 'Free and Royalty Free', CC0-like)	https://bigsoundbank.com/licenses.html	2.010	48000	1	0.0	-20.3	original 24-bit WAV from site download form; "Typewriter, Bell #1"; cut at 0.01-2.02 s of the 2.53 s original; silence trimmed
impact_book_close_01.wav	https://bigsoundbank.com/closed-book-1-s1410.html	CC0 1.0 / WTFPL (BigSoundBank 'Free and Royalty Free', CC0-like)	https://bigsoundbank.com/licenses.html	0.876	48000	1	0.0	-27.2	original 24-bit WAV from site download form; "Closed book #1"; cut at 0.30-1.18 s of the 1.18 s original
impact_book_close_02.wav	https://bigsoundbank.com/closed-book-2-s1411.html	CC0 1.0 / WTFPL (BigSoundBank 'Free and Royalty Free', CC0-like)	https://bigsoundbank.com/licenses.html	0.810	48000	1	0.0	-27.4	original 24-bit WAV from site download form; "Closed book #2"; cut at 0.05-0.86 s of the 0.86 s original
impact_bass_tom_01.wav	https://bigsoundbank.com/bass-tom-1-s2338.html	CC0 1.0 / WTFPL (BigSoundBank 'Free and Royalty Free', CC0-like)	https://bigsoundbank.com/licenses.html	1.768	48000	1	0.0	-25.2	original 24-bit WAV from site download form; "Bass Tom, #1"; cut at 0.00-1.77 s of the 2.76 s original; silence trimmed
impact_bass_tom_02.wav	https://bigsoundbank.com/bass-tom-4-s2341.html	CC0 1.0 / WTFPL (BigSoundBank 'Free and Royalty Free', CC0-like)	https://bigsoundbank.com/licenses.html	2.213	48000	1	0.0	-23.8	original 24-bit WAV from site download form; "Bass tom, #4"; cut at 0.00-2.21 s of the 3.96 s original; silence trimmed
impact_door_light_01.wav	https://bigsoundbank.com/light-door-s0224.html	CC0 1.0 / WTFPL (BigSoundBank 'Free and Royalty Free', CC0-like)	https://bigsoundbank.com/licenses.html	1.216	44100	1	-0.0	-20.0	original 16-bit WAV from site download form; "Light door"; cut at 1.89-3.10 s of the 17.62 s original; single event 2 of 12
impact_door_light_02.wav	https://bigsoundbank.com/light-door-s0224.html	CC0 1.0 / WTFPL (BigSoundBank 'Free and Royalty Free', CC0-like)	https://bigsoundbank.com/licenses.html	0.836	44100	1	-0.2	-17.9	original 16-bit WAV from site download form; "Light door"; cut at 5.71-6.54 s of the 17.62 s original; single event 4 of 12
impact_fridge_door_01.wav	https://bigsoundbank.com/fridge-door-s1158.html	CC0 1.0 / WTFPL (BigSoundBank 'Free and Royalty Free', CC0-like)	https://bigsoundbank.com/licenses.html	1.655	48000	1	-0.0	-27.9	original 16-bit WAV from site download form; "Fridge door"; cut at 6.75-8.40 s of the 44.88 s original
card_slide_01.wav	https://freesound.org/people/BapttX/sounds/843344/	CC0 1.0 Universal	https://creativecommons.org/publicdomain/zero/1.0/	0.533	48000	2	-8.7	-34.0	Freesound 843344 "Card slide" by BapttX (CC0, verified on sound page); lossy: from ogg preview (HQ preview; original needs login), 48 kHz 24-bit WAV; complete file, card slide
card_slide_02.wav	https://freesound.org/people/el_boss/sounds/571581/	CC0 1.0 Universal	https://creativecommons.org/publicdomain/zero/1.0/	0.266	48000	2	-15.4	-30.1	Freesound 571581 "Playing Card Slide Right" by el_boss (CC0, verified on sound page); lossy: from ogg preview (HQ preview; original needs login), 48 kHz 24-bit WAV; complete file, playing card slide
card_deal_01.wav	https://freesound.org/people/RealSquink/sounds/787405/	CC0 1.0 Universal	https://creativecommons.org/publicdomain/zero/1.0/	0.779	48000	1	-0.1	-28.9	Freesound 787405 "Card Deal" by RealSquink (CC0, verified on sound page); lossy: from ogg preview (HQ preview; original needs login), 48 kHz 24-bit WAV; complete file, card dealt
card_place_table_01.wav	https://freesound.org/people/filmfan87/sounds/108395/	CC0 1.0 Universal	https://creativecommons.org/publicdomain/zero/1.0/	0.951	48000	1	-8.6	-41.8	Freesound 108395 "card placed on table.wav" by filmfan87 (CC0, verified on sound page); lossy: from ogg preview (HQ preview; original needs login), 48 kHz 24-bit WAV; cut at 8.95-9.90 s of the 13.55 s take; card placed on table (loudest of 9 events)
card_flick_01.wav	https://freesound.org/people/filmfan87/sounds/108394/	CC0 1.0 Universal	https://creativecommons.org/publicdomain/zero/1.0/	0.602	48000	1	-7.8	-27.8	Freesound 108394 "card flick.wav" by filmfan87 (CC0, verified on sound page); lossy: from ogg preview (HQ preview; original needs login), 48 kHz 24-bit WAV; cut at 11.55-12.15 s of the 13.59 s take; card flick (event 4 of 4)
card_flick_02.wav	https://freesound.org/people/filmfan87/sounds/108394/	CC0 1.0 Universal	https://creativecommons.org/publicdomain/zero/1.0/	0.570	48000	1	-13.2	-31.4	Freesound 108394 "card flick.wav" by filmfan87 (CC0, verified on sound page); lossy: from ogg preview (HQ preview; original needs login), 48 kHz 24-bit WAV; cut at 1.68-2.25 s of the 13.59 s take; card flick (event 1 of 4)
card_polaroid_eject_01.wav	https://freesound.org/people/Headphaze/sounds/696765/	CC0 1.0 Universal	https://creativecommons.org/publicdomain/zero/1.0/	5.000	48000	1	-0.7	-35.3	Freesound 696765 "INSTAX CAMERA - Taking picture and dispensing picture, printing, servo, medium close.WAV" by Headphaze (CC0, verified on sound page); lossy: from ogg preview (HQ preview; original needs login), 48 kHz 24-bit WAV; cut at 13.50-18.50 s of the 24.00 s take; instant-camera photo ejecting (motor whir) after the shot
card_polaroid_eject_02.wav	https://freesound.org/people/larspriebe/sounds/444682/	CC0 1.0 Universal	https://creativecommons.org/publicdomain/zero/1.0/	3.410	48000	1	-0.0	-24.1	Freesound 444682 "taking a Polaroid photo" by larspriebe (CC0, verified on sound page); lossy: from ogg preview (HQ preview; original needs login), 48 kHz 24-bit WAV; complete file, Polaroid photo taking/ejecting
shutter_fuji_x100s_leaf_01.wav	https://freesound.org/people/hmilleo/sounds/409096/	CC0 1.0 Universal	https://creativecommons.org/publicdomain/zero/1.0/	2.263	48000	2	-3.0	-38.6	Freesound 409096 "Fuji X100S.wav" by hmilleo (CC0, verified on sound page); lossy: from ogg preview (HQ preview; original needs login), 48 kHz 24-bit WAV; Fuji X100S leaf shutter, complete file
shutter_leica_m10_01.wav	https://freesound.org/people/alexradsby/sounds/813225/	CC0 1.0 Universal	https://creativecommons.org/publicdomain/zero/1.0/	1.152	48000	2	-0.4	-33.5	Freesound 813225 "Leica M10 Shutter Sound" by alexradsby (CC0, verified on sound page); lossy: from ogg preview (HQ preview; original needs login), 48 kHz 24-bit WAV; cut at 0.00-1.15 s of the 1.53 s take; Leica M10 shutter; silence trimmed
shutter_nikon_zf_mirrorless_01.wav	https://freesound.org/people/AandGphoto/sounds/831761/	CC0 1.0 Universal	https://creativecommons.org/publicdomain/zero/1.0/	1.129	48000	1	-5.1	-32.3	Freesound 831761 "Modern Nikon Zf Mirrorles Camera Shutter" by AandGphoto (CC0, verified on sound page); lossy: from ogg preview (HQ preview; original needs login), 48 kHz 24-bit WAV; cut at 0.03-1.16 s of the 1.16 s take; Nikon Zf mirrorless shutter; silence trimmed
shutter_mamiya_c220_01.wav	https://freesound.org/people/adeluc4/sounds/125318/	CC0 1.0 Universal	https://creativecommons.org/publicdomain/zero/1.0/	0.800	48000	2	-4.7	-28.0	Freesound 125318 "C220 camera shutter release.wav" by adeluc4 (CC0, verified on sound page); lossy: from ogg preview (HQ preview; original needs login), 48 kHz 24-bit WAV; cut at 0.09-0.89 s of the 0.97 s take; Mamiya C220 leaf shutter release; silence trimmed
shutter_leica_m11_dry_01.wav	https://freesound.org/people/TSP-Talk/sounds/720702/	CC0 1.0 Universal	https://creativecommons.org/publicdomain/zero/1.0/	1.351	48000	1	-1.8	-28.5	Freesound 720702 "Leica_M11_Shutter_burst_dry_sound_96kHz_32bit-float" by TSP-Talk (CC0, verified on sound page); lossy: from ogg preview (HQ preview; original needs login), 48 kHz 24-bit WAV; cut at 0.08-1.43 s of the 1.43 s take; Leica M11 shutter burst dry; source was 96 kHz, preview is 48 kHz; silence trimmed
ui_calculator_key_01.wav	https://bigsoundbank.com/old-calculator-number-key-1-s3270.html	CC0 1.0 / WTFPL (BigSoundBank 'Free and Royalty Free', CC0-like)	https://bigsoundbank.com/licenses.html	0.468	48000	1	-1.3	-26.1	original 24-bit WAV from site download form; "Old calculator, number key #1"; cut at 0.15-0.62 s of the 0.69 s original; silence trimmed
ui_calculator_key_02.wav	https://bigsoundbank.com/old-calculator-number-key-3-s3272.html	CC0 1.0 / WTFPL (BigSoundBank 'Free and Royalty Free', CC0-like)	https://bigsoundbank.com/licenses.html	0.487	48000	1	-1.0	-27.4	original 24-bit WAV from site download form; "Old calculator, number key #3"; cut at 0.14-0.62 s of the 0.69 s original; silence trimmed
ui_calculator_key_03.wav	https://bigsoundbank.com/old-calculator-key-1-s3275.html	CC0 1.0 / WTFPL (BigSoundBank 'Free and Royalty Free', CC0-like)	https://bigsoundbank.com/licenses.html	0.433	48000	1	-1.0	-25.8	original 24-bit WAV from site download form; "Old calculator,  + key #1"; cut at 0.10-0.53 s of the 0.54 s original; silence trimmed
ui_calculator_key_04.wav	https://bigsoundbank.com/old-calculator-key-1-s3278.html	CC0 1.0 / WTFPL (BigSoundBank 'Free and Royalty Free', CC0-like)	https://bigsoundbank.com/licenses.html	0.475	48000	1	-1.0	-28.1	original 24-bit WAV from site download form; "Old calculator,  - key #1"; cut at 0.07-0.55 s of the 0.57 s original; silence trimmed
ui_cassette_button_play_01.wav	https://bigsoundbank.com/cassette-player-play-s0565.html	CC0 1.0 / WTFPL (BigSoundBank 'Free and Royalty Free', CC0-like)	https://bigsoundbank.com/licenses.html	0.500	48000	1	-12.5	-39.4	original 16-bit WAV from site download form; "Cassette Player: Play"; cut at 0.00-0.50 s of the 26.42 s original
ui_cassette_button_stop_01.wav	https://bigsoundbank.com/cassette-player-play-s0565.html	CC0 1.0 / WTFPL (BigSoundBank 'Free and Royalty Free', CC0-like)	https://bigsoundbank.com/licenses.html	0.668	48000	1	-2.4	-27.7	original 16-bit WAV from site download form; "Cassette Player: Play"; cut at 25.75-26.42 s of the 26.42 s original
ui_cassette_button_pause_01.wav	https://bigsoundbank.com/cassette-player-play-and-pause-s0570.html	CC0 1.0 / WTFPL (BigSoundBank 'Free and Royalty Free', CC0-like)	https://bigsoundbank.com/licenses.html	0.651	48000	1	-13.4	-39.7	original 16-bit WAV from site download form; "Cassette Player: Play and Pause"; cut at 5.55-6.20 s of the 14.38 s original
tick_rotary_dial_run_01.wav	https://bigsoundbank.com/rotary-dial-1-s3306.html	CC0 1.0 / WTFPL (BigSoundBank 'Free and Royalty Free', CC0-like)	https://bigsoundbank.com/licenses.html	1.650	48000	1	-6.9	-30.0	original 24-bit WAV from site download form; "Rotary dial #1"; cut at 0.35-2.00 s of the 19.70 s original
riser_tape_wind_bsb_01.wav	https://bigsoundbank.com/audio-cassette-back-1-s2154.html	CC0 1.0 / WTFPL (BigSoundBank 'Free and Royalty Free', CC0-like)	https://bigsoundbank.com/licenses.html	1.028	48000	2	-3.2	-21.8	original 24-bit WAV from site download form; "Cassette: Back #1"; cut at 0.02-1.05 s of the 1.09 s original; silence trimmed
riser_tape_wind_bsb_02.wav	https://bigsoundbank.com/audio-cassette-back-10-s2163.html	CC0 1.0 / WTFPL (BigSoundBank 'Free and Royalty Free', CC0-like)	https://bigsoundbank.com/licenses.html	1.067	48000	2	-0.0	-19.7	original 24-bit WAV from site download form; "Cassette: Back #10"; cut at 0.06-1.12 s of the 1.12 s original; silence trimmed
whoosh_bamboo_stick_01.wav	https://freesound.org/people/Sadiquecat/sounds/855844/	CC0 1.0 Universal	https://creativecommons.org/publicdomain/zero/1.0/	0.410	48000	2	-0.0	-18.4	Freesound 855844 "Whoosh - Long Bamboo stick - OS ST 13" by Sadiquecat (CC0, verified on sound page); lossy: from ogg preview (HQ preview; original needs login), 48 kHz 24-bit WAV; cut at 0.02-0.43 s of the 0.62 s take; long bamboo stick swish; silence trimmed
whoosh_stick_swing_01.wav	https://freesound.org/people/Dalesome/sounds/352719/	CC0 1.0 Universal	https://creativecommons.org/publicdomain/zero/1.0/	0.528	48000	1	-6.0	-21.2	Freesound 352719 "Woosh (stick swung in the air)" by Dalesome (CC0, verified on sound page); lossy: from ogg preview (HQ preview; original needs login), 48 kHz 24-bit WAV; cut at 0.00-0.53 s of the 0.56 s take; stick swung in the air; silence trimmed
whoosh_swipe_wipe_01.wav	https://freesound.org/people/hz37/sounds/667419/	CC0 1.0 Universal	https://creativecommons.org/publicdomain/zero/1.0/	0.440	48000	2	-5.4	-19.1	Freesound 667419 "Swish wipe HZA 16-05-2022.wav" by hz37 (CC0, verified on sound page); lossy: from ogg preview (HQ preview; original needs login), 48 kHz 24-bit WAV; swish wipe
whoosh_swish_small_01.wav	https://freesound.org/people/ihitokage/sounds/395368/	CC0 1.0 Universal	https://creativecommons.org/publicdomain/zero/1.0/	0.298	48000	1	-6.7	-25.2	Freesound 395368 "Swish 5" by ihitokage (CC0, verified on sound page); lossy: from ogg preview (HQ preview; original needs login), 48 kHz 24-bit WAV; small swish
ui_relay_click_01.wav	https://freesound.org/people/JoontheFloof/sounds/740252/	CC0 1.0 Universal	https://creativecommons.org/publicdomain/zero/1.0/	0.250	48000	2	-0.0	-27.0	Freesound 740252 "Relay 2" by JoontheFloof (CC0, verified on sound page); lossy: from ogg preview (HQ preview; original needs login), 48 kHz 24-bit WAV; relay click, silence trimmed
ui_relay_click_02.wav	https://freesound.org/people/bassmosphere/sounds/384701/	CC0 1.0 Universal	https://creativecommons.org/publicdomain/zero/1.0/	0.582	48000	2	0.0	-20.1	Freesound 384701 "Relay and loud click" by bassmosphere (CC0, verified on sound page); lossy: from ogg preview (HQ preview; original needs login), 48 kHz 24-bit WAV; relay and loud click, silence trimmed
ui_box_latch_01.wav	https://freesound.org/people/Motion_S/sounds/177851/	CC0 1.0 Universal	https://creativecommons.org/publicdomain/zero/1.0/	0.597	48000	1	-0.0	-33.7	Freesound 177851 "Box Latch.wav" by Motion_S (CC0, verified on sound page); lossy: from ogg preview (HQ preview; original needs login), 48 kHz 24-bit WAV; box latch, silence trimmed
ui_case_close_click_01.wav	https://freesound.org/people/Sadiquecat/sounds/835523/	CC0 1.0 Universal	https://creativecommons.org/publicdomain/zero/1.0/	0.177	48000	1	-0.0	-21.9	Freesound 835523 "20251126_Click - Case close" by Sadiquecat (CC0, verified on sound page); lossy: from ogg preview (HQ preview; original needs login), 48 kHz 24-bit WAV; case close click, silence trimmed
ui_light_switch_01.wav	https://freesound.org/people/tbrook/sounds/348225/	CC0 1.0 Universal	https://creativecommons.org/publicdomain/zero/1.0/	0.319	48000	1	-7.5	-35.1	Freesound 348225 "Switch Light 05.wav" by tbrook (CC0, verified on sound page); lossy: from ogg preview (HQ preview; original needs login), 48 kHz 24-bit WAV; light switch, silence trimmed
ui_light_switch_02.wav	https://freesound.org/people/Philip_Berger/sounds/788643/	CC0 1.0 Universal	https://creativecommons.org/publicdomain/zero/1.0/	0.252	48000	1	-7.8	-28.5	Freesound 788643 "Light Switch on" by Philip_Berger (CC0, verified on sound page); lossy: from ogg preview (HQ preview; original needs login), 48 kHz 24-bit WAV; light switch on, silence trimmed
ui_light_switch_03.wav	https://freesound.org/people/pinto0lucas/sounds/424633/	CC0 1.0 Universal	https://creativecommons.org/publicdomain/zero/1.0/	0.172	48000	1	-5.0	-30.3	Freesound 424633 "light_switch_off.wav" by pinto0lucas (CC0, verified on sound page); lossy: from ogg preview (HQ preview; original needs login), 48 kHz 24-bit WAV; cut at 0.08-0.25 s of the 0.25 s take; light switch off, silence trimmed; silence trimmed
ui_suitcase_latch_01.wav	https://freesound.org/people/sqeeeek/sounds/381854/	CC0 1.0 Universal	https://creativecommons.org/publicdomain/zero/1.0/	0.632	48000	1	-0.0	-20.2	Freesound 381854 "suitcase_click_open_sqeeeek.wav" by sqeeeek (CC0, verified on sound page); lossy: from ogg preview (HQ preview; original needs login), 48 kHz 24-bit WAV; suitcase latch click, silence trimmed
click_trackpad_macbookpro_fs_01.wav	https://freesound.org/people/flarn2006/sounds/145784/	CC0 1.0 Universal	https://creativecommons.org/publicdomain/zero/1.0/	0.610	48000	1	-0.0	-22.6	Freesound 145784 "MacBook Pro touchpad clicking" by flarn2006 (CC0, verified on sound page); lossy: from ogg preview (HQ preview; original needs login), 48 kHz 24-bit WAV; cut at 0.84-1.45 s of the 7.27 s take; single trackpad click (event 1 of 12)
click_trackpad_macbookpro_fs_02.wav	https://freesound.org/people/flarn2006/sounds/145784/	CC0 1.0 Universal	https://creativecommons.org/publicdomain/zero/1.0/	0.530	48000	1	-0.0	-22.2	Freesound 145784 "MacBook Pro touchpad clicking" by flarn2006 (CC0, verified on sound page); lossy: from ogg preview (HQ preview; original needs login), 48 kHz 24-bit WAV; cut at 1.87-2.40 s of the 7.27 s take; single trackpad click (event 2 of 12)
click_trackpad_macbookpro_fs_03.wav	https://freesound.org/people/flarn2006/sounds/145784/	CC0 1.0 Universal	https://creativecommons.org/publicdomain/zero/1.0/	0.330	48000	1	-0.0	-23.1	Freesound 145784 "MacBook Pro touchpad clicking" by flarn2006 (CC0, verified on sound page); lossy: from ogg preview (HQ preview; original needs login), 48 kHz 24-bit WAV; cut at 4.45-4.78 s of the 7.27 s take; single trackpad click (event 7 of 12)
click_mouse_double_fs_01.wav	https://freesound.org/people/pbimal/sounds/534104/	CC0 1.0 Universal	https://creativecommons.org/publicdomain/zero/1.0/	0.470	48000	2	-3.3	-29.7	Freesound 534104 "mouse-click-double-00.flac" by pbimal (CC0, verified on sound page); lossy: from ogg preview (HQ preview; original needs login), 48 kHz 24-bit WAV; double mouse click
click_mouse_fs_02.wav	https://freesound.org/people/Pixeliota/sounds/678248/	CC0 1.0 Universal	https://creativecommons.org/publicdomain/zero/1.0/	0.275	48000	2	-0.0	-27.3	Freesound 678248 "Mouse Click Sound.mp3" by Pixeliota (CC0, verified on sound page); lossy: from ogg preview (HQ preview; original needs login), 48 kHz 24-bit WAV; cut at 0.35-0.63 s of the 1.24 s take; mouse click; silence trimmed
